{
    "root_group": {
        "id": "d41d8cd98f00b204e9800998ecf8427e",
        "groups": {},
        "checks": {
                "status 200": {
                    "passes": 264958,
                    "fails": 0,
                    "name": "status 200",
                    "path": "::status 200",
                    "id": "fad9fa412b86fcb03bee97c80dcd61f1"
                }
            },
        "name": "",
        "path": ""
    },
    "metrics": {
        "http_req_sending": {
            "avg": 0.01074550046233584,
            "min": 0.002086,
            "med": 0.005446,
            "max": 6.62048,
            "p(90)": 0.018114200000000014,
            "p(95)": 0.021186099999999975,
            "p(99)": 0.07788597999999887
        },
        "http_req_duration": {
            "p(90)": 22.542376200000003,
            "p(95)": 30.294127999999937,
            "p(99)": 41.918450799999995,
            "avg": 14.046245145142889,
            "min": 8.582349,
            "med": 10.796327,
            "max": 451.506318,
            "thresholds": {
                "p(95)<5000": false,
                "p(99)<10000": false
            }
        },
        "http_req_failed": {
            "passes": 0,
            "fails": 264959,
            "thresholds": {
                "rate<0.05": false
            },
            "value": 0
        },
        "http_req_waiting": {
            "p(90)": 22.487490600000005,
            "p(95)": 30.228771499999965,
            "p(99)": 41.86662825999981,
            "avg": 14.003286620477233,
            "min": 8.565353,
            "med": 10.757561,
            "max": 451.476991
        },
        "iteration_duration": {
            "avg": 14.163862752315309,
            "min": 8.633854,
            "med": 10.90674,
            "max": 451.647511,
            "p(90)": 22.69950740000001,
            "p(95)": 30.449518799999993,
            "p(99)": 42.05397548
        },
        "vus_max": {
            "value": 50,
            "min": 50,
            "max": 50
        },
        "http_req_blocked": {
            "p(90)": 0.006049,
            "p(95)": 0.006832,
            "p(99)": 0.010480419999999983,
            "avg": 0.005266916798448287,
            "min": 0.000712,
            "med": 0.001841,
            "max": 14.224331
        },
        "checks": {
            "passes": 264958,
            "fails": 0,
            "value": 1
        },
        "data_sent": {
            "count": 27820675,
            "rate": 309002.3444263861
        },
        "data_received": {
            "rate": 703853.1981974078,
            "count": 63370623
        },
        "http_reqs": {
            "count": 264959,
            "rate": 2942.8815863335753
        },
        "iterations": {
            "count": 264958,
            "rate": 2942.870479401611
        },
        "http_req_tls_handshaking": {
            "p(95)": 0,
            "p(99)": 0,
            "avg": 0,
            "min": 0,
            "med": 0,
            "max": 0,
            "p(90)": 0
        },
        "server_membw_us": {
            "avg": 146.55060047252772,
            "min": 66,
            "med": 86,
            "max": 56912,
            "p(90)": 107,
            "p(95)": 121,
            "p(99)": 199
        },
        "http_req_receiving": {
            "avg": 0.03221302420374502,
            "min": 0.005421,
            "med": 0.019289,
            "max": 7.671852,
            "p(90)": 0.05907640000000002,
            "p(95)": 0.069166,
            "p(99)": 0.1555356399999977
        },
        "vus": {
            "min": 1,
            "max": 50,
            "value": 1
        },
        "http_req_connecting": {
            "max": 14.173408,
            "p(90)": 0,
            "p(95)": 0,
            "p(99)": 0,
            "avg": 0.002050920278231727,
            "min": 0,
            "med": 0
        },
        "http_req_duration{expected_response:true}": {
            "avg": 14.046245145142889,
            "min": 8.582349,
            "med": 10.796327,
            "max": 451.506318,
            "p(90)": 22.542376200000003,
            "p(95)": 30.294127999999937,
            "p(99)": 41.918450799999995
        }
    }
}