{
    "root_group": {
        "name": "",
        "path": "",
        "id": "d41d8cd98f00b204e9800998ecf8427e",
        "groups": {},
        "checks": {
                "status 200": {
                    "passes": 350078,
                    "fails": 0,
                    "name": "status 200",
                    "path": "::status 200",
                    "id": "fad9fa412b86fcb03bee97c80dcd61f1"
                }
            }
    },
    "metrics": {
        "server_membw_us": {
            "min": 55,
            "med": 82,
            "max": 12159,
            "p(90)": 210,
            "p(95)": 320,
            "p(99)": 791,
            "avg": 134.81055936105668
        },
        "http_req_duration": {
            "avg": 10.63406521364305,
            "min": 8.589355,
            "med": 10.200887,
            "max": 867.323726,
            "p(90)": 11.519715000000001,
            "p(95)": 12.096882599999999,
            "p(99)": 13.827668299999996,
            "thresholds": {
                "p(95)<5000": false,
                "p(99)<10000": false
            }
        },
        "http_req_failed": {
            "passes": 0,
            "fails": 350079,
            "thresholds": {
                "rate<0.05": false
            },
            "value": 0
        },
        "http_req_tls_handshaking": {
            "p(99)": 0,
            "avg": 0,
            "min": 0,
            "med": 0,
            "max": 0,
            "p(90)": 0,
            "p(95)": 0
        },
        "http_req_waiting": {
            "min": 8.566314,
            "med": 10.173597,
            "max": 867.298938,
            "p(90)": 11.490337,
            "p(95)": 12.065627599999997,
            "p(99)": 13.787605019999988,
            "avg": 10.605573648251049
        },
        "http_req_blocked": {
            "avg": 0.0070977427209284885,
            "min": 0.000823,
            "med": 0.002004,
            "max": 1012.283789,
            "p(90)": 0.00273,
            "p(95)": 0.003112,
            "p(99)": 0.006962439999999944
        },
        "http_req_receiving": {
            "avg": 0.02169642030798775,
            "min": 0.006661,
            "med": 0.018403,
            "max": 19.236315,
            "p(90)": 0.026152,
            "p(95)": 0.030187,
            "p(99)": 0.05151785999999964
        },
        "http_req_duration{expected_response:true}": {
            "p(99)": 13.827668299999996,
            "avg": 10.63406521364305,
            "min": 8.589355,
            "med": 10.200887,
            "max": 867.323726,
            "p(90)": 11.519715000000001,
            "p(95)": 12.096882599999999
        },
        "http_req_sending": {
            "med": 0.005917,
            "max": 13.140519,
            "p(90)": 0.008079,
            "p(95)": 0.009326,
            "p(99)": 0.01746321999999997,
            "avg": 0.0067951450843953196,
            "min": 0.002444
        },
        "iterations": {
            "count": 350078,
            "rate": 3888.6388360434717
        },
        "http_req_connecting": {
            "max": 1012.220228,
            "p(90)": 0,
            "p(95)": 0,
            "p(99)": 0,
            "avg": 0.004887850162391918,
            "min": 0,
            "med": 0
        },
        "data_received": {
            "count": 84871221,
            "rate": 942742.8345769463
        },
        "vus_max": {
            "value": 50,
            "min": 50,
            "max": 50
        },
        "iteration_duration": {
            "p(95)": 12.1889871,
            "p(99)": 13.952742499999996,
            "avg": 10.719871107319099,
            "min": 8.647822,
            "med": 10.281418,
            "max": 1023.104381,
            "p(90)": 11.6072712
        },
        "vus": {
            "max": 50,
            "value": 1,
            "min": 1
        },
        "http_reqs": {
            "count": 350079,
            "rate": 3888.6499439646664
        },
        "data_sent": {
            "rate": 412196.67190183076,
            "count": 37108354
        },
        "checks": {
            "passes": 350078,
            "fails": 0,
            "value": 1
        }
    }
}