{
    "metrics": {
        "http_req_tls_handshaking": {
            "p(99)": 0,
            "avg": 0,
            "min": 0,
            "med": 0,
            "max": 0,
            "p(90)": 0,
            "p(95)": 0
        },
        "iteration_duration": {
            "p(90)": 12.2118558,
            "p(95)": 13.283541999999992,
            "p(99)": 22.654373160000052,
            "avg": 12.732321412728904,
            "min": 8.603058,
            "med": 10.449077,
            "max": 1045.542678
        },
        "http_req_duration{expected_response:true}": {
            "p(99)": 22.41205342,
            "avg": 12.626345483999229,
            "min": 8.545622,
            "med": 10.3535205,
            "max": 791.358713,
            "p(90)": 12.1041477,
            "p(95)": 13.162715649999997
        },
        "vus": {
            "value": 1,
            "min": 1,
            "max": 50
        },
        "vus_max": {
            "value": 50,
            "min": 50,
            "max": 50
        },
        "http_req_failed": {
            "passes": 0,
            "fails": 294800,
            "thresholds": {
                "rate<0.05": false
            },
            "value": 0
        },
        "data_received": {
            "count": 70615581,
            "rate": 784335.1678788263
        },
        "http_req_connecting": {
            "med": 0,
            "max": 1032.809744,
            "p(90)": 0,
            "p(95)": 0,
            "p(99)": 0,
            "avg": 0.008646951896200815,
            "min": 0
        },
        "iterations": {
            "count": 294799,
            "rate": 3274.3655136889706
        },
        "http_req_sending": {
            "max": 7.356989,
            "p(90)": 0.010376,
            "p(95)": 0.012757049999999987,
            "p(99)": 0.031164070000000064,
            "avg": 0.008734690858209023,
            "min": 0.002147,
            "med": 0.006858
        },
        "http_req_waiting": {
            "avg": 12.591372233714507,
            "min": 8.510573,
            "med": 10.3199235,
            "max": 791.330847,
            "p(90)": 12.0648844,
            "p(95)": 13.116370849999996,
            "p(99)": 22.355814850000005
        },
        "data_sent": {
            "count": 30069580,
            "rate": 333986.1931794599
        },
        "http_req_duration": {
            "p(95)": 13.162715649999997,
            "p(99)": 22.41205342,
            "avg": 12.626345483999229,
            "min": 8.545622,
            "med": 10.3535205,
            "max": 791.358713,
            "p(90)": 12.1041477,
            "thresholds": {
                "p(95)<5000": false,
                "p(99)<10000": false
            }
        },
        "http_req_receiving": {
            "max": 9.34538,
            "p(90)": 0.032617,
            "p(95)": 0.038320099999999975,
            "p(99)": 0.1161173200000003,
            "avg": 0.026238559426729542,
            "min": 0.00542,
            "med": 0.021038
        },
        "server_membw_us": {
            "p(90)": 171,
            "p(95)": 214,
            "p(99)": 375,
            "avg": 120.05287331368153,
            "min": 69,
            "med": 102,
            "max": 5958
        },
        "checks": {
            "passes": 294799,
            "fails": 0,
            "value": 1
        },
        "http_reqs": {
            "count": 294800,
            "rate": 3274.3766208009815
        },
        "http_req_blocked": {
            "min": 0.000714,
            "med": 0.002377,
            "max": 1032.867324,
            "p(90)": 0.003487,
            "p(95)": 0.004101,
            "p(99)": 0.01055702000000002,
            "avg": 0.011478127510176628
        }
    },
    "root_group": {
        "groups": {},
        "checks": {
                "status 200": {
                    "passes": 294799,
                    "fails": 0,
                    "name": "status 200",
                    "path": "::status 200",
                    "id": "fad9fa412b86fcb03bee97c80dcd61f1"
                }
            },
        "name": "",
        "path": "",
        "id": "d41d8cd98f00b204e9800998ecf8427e"
    }
}