{
    "root_group": {
        "id": "d41d8cd98f00b204e9800998ecf8427e",
        "groups": {},
        "checks": {
                "status 200": {
                    "fails": 0,
                    "name": "status 200",
                    "path": "::status 200",
                    "id": "fad9fa412b86fcb03bee97c80dcd61f1",
                    "passes": 317224
                }
            },
        "name": "",
        "path": ""
    },
    "metrics": {
        "http_req_tls_handshaking": {
            "max": 0,
            "p(90)": 0,
            "p(95)": 0,
            "p(99)": 0,
            "avg": 0,
            "min": 0,
            "med": 0
        },
        "http_req_waiting": {
            "p(90)": 12.001628,
            "p(95)": 12.8412534,
            "p(99)": 17.825503520000026,
            "avg": 11.707040633540943,
            "min": 8.488755,
            "med": 10.403645,
            "max": 445.633105
        },
        "http_reqs": {
            "count": 317225,
            "rate": 3523.413928598056
        },
        "data_received": {
            "count": 75996019,
            "rate": 844086.7897000631
        },
        "http_req_failed": {
            "passes": 0,
            "fails": 317225,
            "thresholds": {
                "rate<0.05": false
            },
            "value": 0
        },
        "http_req_duration": {
            "avg": 11.734568785398311,
            "min": 8.508146,
            "med": 10.431186,
            "max": 445.65735,
            "p(90)": 12.031057800000005,
            "p(95)": 12.8703232,
            "p(99)": 17.853798680000008,
            "thresholds": {
                "p(99)<10000": false,
                "p(95)<5000": false
            }
        },
        "http_req_receiving": {
            "med": 0.018369,
            "max": 3.110926,
            "p(90)": 0.027038,
            "p(95)": 0.030784,
            "p(99)": 0.051922520000000014,
            "avg": 0.02084472205847628,
            "min": 0.006848
        },
        "server_membw_us": {
            "max": 4951,
            "p(90)": 244,
            "p(95)": 300,
            "p(99)": 448.7700000000186,
            "avg": 140.1737604973142,
            "min": 66,
            "med": 108
        },
        "http_req_connecting": {
            "min": 0,
            "med": 0,
            "max": 1068.594894,
            "p(90)": 0,
            "p(95)": 0,
            "p(99)": 0,
            "avg": 0.020967568136180944
        },
        "iterations": {
            "count": 317224,
            "rate": 3523.402821611127
        },
        "vus": {
            "value": 1,
            "min": 1,
            "max": 50
        },
        "http_req_sending": {
            "avg": 0.006683429799038666,
            "min": 0.002577,
            "med": 0.005845,
            "max": 3.105745,
            "p(90)": 0.008187600000000036,
            "p(95)": 0.009398799999999988,
            "p(99)": 0.01667228000000003
        },
        "iteration_duration": {
            "med": 10.510582,
            "max": 1079.659057,
            "p(90)": 12.1163451,
            "p(95)": 12.96153655,
            "p(99)": 18.030119800000065,
            "avg": 11.83440148143602,
            "min": 8.562447
        },
        "vus_max": {
            "value": 50,
            "min": 50,
            "max": 50
        },
        "checks": {
            "passes": 317224,
            "fails": 0,
            "value": 1
        },
        "http_req_duration{expected_response:true}": {
            "max": 445.65735,
            "p(90)": 12.031057800000005,
            "p(95)": 12.8703232,
            "p(99)": 17.853798680000008,
            "avg": 11.734568785398311,
            "min": 8.508146,
            "med": 10.431186
        },
        "http_req_blocked": {
            "avg": 0.02314273375364576,
            "min": 0.000793,
            "med": 0.001969,
            "max": 1068.634718,
            "p(90)": 0.002754,
            "p(95)": 0.00311,
            "p(99)": 0.006729760000000009
        },
        "data_sent": {
            "count": 33625830,
            "rate": 373481.65429165534
        }
    }
}