{
    "metrics": {
        "http_req_receiving": {
            "avg": 0.029061992206553703,
            "min": 0.005306,
            "med": 0.017801,
            "max": 6.307426,
            "p(90)": 0.053145,
            "p(95)": 0.06651859999999991,
            "p(99)": 0.13319735999999963
        },
        "vus": {
            "value": 1,
            "min": 1,
            "max": 50
        },
        "iterations": {
            "count": 272664,
            "rate": 3028.8749836807856
        },
        "vus_max": {
            "value": 50,
            "min": 50,
            "max": 50
        },
        "http_reqs": {
            "count": 272665,
            "rate": 3028.886092132887
        },
        "http_req_blocked": {
            "avg": 0.005485630381604108,
            "min": 0.000695,
            "med": 0.001705,
            "max": 170.756827,
            "p(90)": 0.0054016000000000055,
            "p(95)": 0.006592799999999988,
            "p(99)": 0.009228359999999986
        },
        "http_req_tls_handshaking": {
            "min": 0,
            "med": 0,
            "max": 0,
            "p(90)": 0,
            "p(95)": 0,
            "p(99)": 0,
            "avg": 0
        },
        "data_received": {
            "count": 66012291,
            "rate": 733294.3726540954
        },
        "iteration_duration": {
            "max": 876.806138,
            "p(90)": 17.03640760000001,
            "p(95)": 30.072132349999983,
            "p(99)": 49.58205920999998,
            "avg": 13.764357561797777,
            "min": 8.544721,
            "med": 10.7944715
        },
        "checks": {
            "passes": 272664,
            "fails": 0,
            "value": 1
        },
        "http_req_duration{expected_response:true}": {
            "p(99)": 49.33185303999964,
            "avg": 13.655053086259711,
            "min": 8.498162,
            "med": 10.696547,
            "max": 876.18903,
            "p(90)": 16.8478122,
            "p(95)": 29.915933399999997
        },
        "server_membw_us": {
            "min": 54,
            "med": 63,
            "max": 71744,
            "p(90)": 95,
            "p(95)": 143,
            "p(99)": 320,
            "avg": 126.72983598861603
        },
        "http_req_duration": {
            "avg": 13.655053086259711,
            "min": 8.498162,
            "med": 10.696547,
            "max": 876.18903,
            "p(90)": 16.8478122,
            "p(95)": 29.915933399999997,
            "p(99)": 49.33185303999964,
            "thresholds": {
                "p(95)<5000": false,
                "p(99)<10000": false
            }
        },
        "http_req_failed": {
            "passes": 0,
            "fails": 272665,
            "thresholds": {
                "rate<0.05": false
            },
            "value": 0
        },
        "data_sent": {
            "count": 28629805,
            "rate": 318032.8175049111
        },
        "http_req_sending": {
            "p(90)": 0.016373,
            "p(95)": 0.02013,
            "p(99)": 0.06270279999999957,
            "avg": 0.009578223424348654,
            "min": 0.002134,
            "med": 0.005104,
            "max": 4.616058
        },
        "http_req_connecting": {
            "p(99)": 0,
            "avg": 0.002579682933269763,
            "min": 0,
            "med": 0,
            "max": 170.700584,
            "p(90)": 0,
            "p(95)": 0
        },
        "http_req_waiting": {
            "avg": 13.616412870628823,
            "min": 8.485689,
            "med": 10.662531,
            "max": 876.161646,
            "p(90)": 16.787297,
            "p(95)": 29.867389999999986,
            "p(99)": 49.26734775999994
        }
    },
    "root_group": {
        "name": "",
        "path": "",
        "id": "d41d8cd98f00b204e9800998ecf8427e",
        "groups": {},
        "checks": {
                "status 200": {
                    "passes": 272664,
                    "fails": 0,
                    "name": "status 200",
                    "path": "::status 200",
                    "id": "fad9fa412b86fcb03bee97c80dcd61f1"
                }
            }
    }
}