{
    "root_group": {
        "groups": {},
        "checks": {
                "status 200": {
                    "name": "status 200",
                    "path": "::status 200",
                    "id": "fad9fa412b86fcb03bee97c80dcd61f1",
                    "passes": 296698,
                    "fails": 0
                }
            },
        "name": "",
        "path": "",
        "id": "d41d8cd98f00b204e9800998ecf8427e"
    },
    "metrics": {
        "http_req_duration{expected_response:true}": {
            "med": 10.185898,
            "max": 863.803894,
            "p(90)": 11.9320718,
            "p(95)": 12.887157199999999,
            "p(99)": 24.704046900001295,
            "avg": 12.549652147459653,
            "min": 8.495824
        },
        "vus_max": {
            "min": 50,
            "max": 50,
            "value": 50
        },
        "http_reqs": {
            "count": 296699,
            "rate": 3295.5467154020675
        },
        "http_req_receiving": {
            "med": 0.021039,
            "max": 23.735049,
            "p(90)": 0.03337220000000001,
            "p(95)": 0.04023109999999998,
            "p(99)": 0.10657198000000091,
            "avg": 0.026673690720225435,
            "min": 0.005473
        },
        "http_req_tls_handshaking": {
            "avg": 0,
            "min": 0,
            "med": 0,
            "max": 0,
            "p(90)": 0,
            "p(95)": 0,
            "p(99)": 0
        },
        "data_sent": {
            "count": 30263278,
            "rate": 336145.54282353376
        },
        "http_req_sending": {
            "avg": 0.008587808179333262,
            "min": 0.00215,
            "med": 0.006868,
            "max": 9.126682,
            "p(90)": 0.010653,
            "p(95)": 0.013505099999999976,
            "p(99)": 0.028750080000000077
        },
        "http_req_waiting": {
            "max": 863.778612,
            "p(90)": 11.8932476,
            "p(95)": 12.845611899999989,
            "p(99)": 24.41989530000049,
            "avg": 12.514390648559637,
            "min": 8.466284,
            "med": 10.152848
        },
        "checks": {
            "passes": 296698,
            "fails": 0,
            "value": 1
        },
        "http_req_connecting": {
            "avg": 0.0017790075328868655,
            "min": 0,
            "med": 0,
            "max": 13.115558,
            "p(90)": 0,
            "p(95)": 0,
            "p(99)": 0
        },
        "data_received": {
            "count": 71862606,
            "rate": 798204.8310359418
        },
        "vus": {
            "value": 1,
            "min": 1,
            "max": 50
        },
        "iterations": {
            "count": 296698,
            "rate": 3295.5356080282127
        },
        "http_req_duration": {
            "med": 10.185898,
            "max": 863.803894,
            "p(90)": 11.9320718,
            "p(95)": 12.887157199999999,
            "p(99)": 24.704046900001295,
            "avg": 12.549652147459653,
            "min": 8.495824,
            "thresholds": {
                "p(95)<5000": false,
                "p(99)<10000": false
            }
        },
        "http_req_blocked": {
            "p(90)": 0.003573,
            "p(95)": 0.004376,
            "p(99)": 0.010568020000000018,
            "avg": 0.004554291969301898,
            "min": 0.000706,
            "med": 0.002378,
            "max": 13.174152
        },
        "iteration_duration": {
            "med": 10.283167500000001,
            "max": 863.883449,
            "p(90)": 12.0447177,
            "p(95)": 13.005169449999986,
            "p(99)": 24.962511149995336,
            "avg": 12.649572370248642,
            "min": 8.54521
        },
        "http_req_failed": {
            "passes": 0,
            "fails": 296699,
            "thresholds": {
                "rate<0.05": false
            },
            "value": 0
        },
        "server_membw_us": {
            "avg": 111.88049801481641,
            "min": 58,
            "med": 77,
            "max": 11516,
            "p(90)": 167,
            "p(95)": 281,
            "p(99)": 722
        }
    }
}