{
    "root_group": {
        "path": "",
        "id": "d41d8cd98f00b204e9800998ecf8427e",
        "groups": {},
        "checks": {
                "status 200": {
                    "passes": 167946,
                    "fails": 0,
                    "name": "status 200",
                    "path": "::status 200",
                    "id": "fad9fa412b86fcb03bee97c80dcd61f1"
                }
            },
        "name": ""
    },
    "metrics": {
        "http_req_failed": {
            "passes": 0,
            "fails": 167947,
            "thresholds": {
                "rate<0.05": false
            },
            "value": 0
        },
        "http_reqs": {
            "count": 167947,
            "rate": 1865.166618684077
        },
        "checks": {
            "passes": 167946,
            "fails": 0,
            "value": 1
        },
        "server_membw_us": {
            "min": 717,
            "med": 3924,
            "max": 37781,
            "p(90)": 7345,
            "p(95)": 8568,
            "p(99)": 11948,
            "avg": 4122.631167160873
        },
        "http_req_blocked": {
            "avg": 0.011178544374117956,
            "min": 0.00075,
            "med": 0.001691,
            "max": 1011.562009,
            "p(90)": 0.002508,
            "p(95)": 0.002831,
            "p(99)": 0.005057540000000008
        },
        "http_req_receiving": {
            "avg": 0.01960653881879407,
            "min": 0.0061,
            "med": 0.017743,
            "max": 8.128632,
            "p(90)": 0.027047399999999996,
            "p(95)": 0.030786699999999983,
            "p(99)": 0.04668340000000008
        },
        "http_req_tls_handshaking": {
            "med": 0,
            "max": 0,
            "p(90)": 0,
            "p(95)": 0,
            "p(99)": 0,
            "avg": 0,
            "min": 0
        },
        "http_req_waiting": {
            "min": 9.654929,
            "med": 21.544441,
            "max": 444.087898,
            "p(90)": 31.2704778,
            "p(95)": 34.3345285,
            "p(99)": 41.312273800000064,
            "avg": 22.250491600487262
        },
        "iterations": {
            "count": 167946,
            "rate": 1865.1555129982437
        },
        "http_req_duration": {
            "med": 21.569754,
            "max": 444.102801,
            "p(90)": 31.2957256,
            "p(95)": 34.35775329999998,
            "p(99)": 41.33939504000008,
            "avg": 22.275854990509114,
            "min": 9.671449,
            "thresholds": {
                "p(95)<5000": false,
                "p(99)<10000": false
            }
        },
        "data_received": {
            "count": 40642042,
            "rate": 451357.7500851831
        },
        "vus_max": {
            "value": 50,
            "min": 50,
            "max": 50
        },
        "http_req_connecting": {
            "p(95)": 0,
            "p(99)": 0,
            "avg": 0.009296648567702907,
            "min": 0,
            "med": 0,
            "max": 1011.519706,
            "p(90)": 0
        },
        "data_sent": {
            "count": 17802362,
            "rate": 197707.4394667955
        },
        "iteration_duration": {
            "p(90)": 31.3665015,
            "p(95)": 34.4287085,
            "p(99)": 41.42718354999989,
            "avg": 22.354501258952197,
            "min": 9.717208,
            "med": 21.6439835,
            "max": 1046.844163
        },
        "vus": {
            "value": 1,
            "min": 1,
            "max": 50
        },
        "http_req_duration{expected_response:true}": {
            "min": 9.671449,
            "med": 21.569754,
            "max": 444.102801,
            "p(90)": 31.2957256,
            "p(95)": 34.35775329999998,
            "p(99)": 41.33939504000008,
            "avg": 22.275854990509114
        },
        "http_req_sending": {
            "avg": 0.005756851203058183,
            "min": 0.002328,
            "med": 0.005139,
            "max": 4.328584,
            "p(90)": 0.007844,
            "p(95)": 0.008997,
            "p(99)": 0.014976540000000009
        }
    }
}