{
    "root_group": {
        "groups": {},
        "checks": {
                "status 200": {
                    "name": "status 200",
                    "path": "::status 200",
                    "id": "fad9fa412b86fcb03bee97c80dcd61f1",
                    "passes": 169337,
                    "fails": 0
                }
            },
        "name": "",
        "path": "",
        "id": "d41d8cd98f00b204e9800998ecf8427e"
    },
    "metrics": {
        "data_sent": {
            "count": 17780470,
            "rate": 197491.18599603814
        },
        "checks": {
            "passes": 169337,
            "fails": 0,
            "value": 1
        },
        "server_membw_us": {
            "avg": 1071.3389217950005,
            "min": 515,
            "med": 587,
            "max": 42623,
            "p(90)": 775,
            "p(95)": 1204,
            "p(99)": 16671.55999999994
        },
        "http_req_blocked": {
            "avg": 0.0049303190305776635,
            "min": 0.000733,
            "med": 0.001486,
            "max": 13.29616,
            "p(90)": 0.002367,
            "p(95)": 0.00282,
            "p(99)": 0.005428930000000051
        },
        "http_req_sending": {
            "p(95)": 0.008731,
            "p(99)": 0.015780630000000004,
            "avg": 0.005141725466227287,
            "min": 0.00205,
            "med": 0.004435,
            "max": 1.465933,
            "p(90)": 0.007287
        },
        "vus": {
            "value": 1,
            "min": 1,
            "max": 50
        },
        "http_req_duration": {
            "max": 833.996428,
            "p(90)": 49.2154079,
            "p(95)": 52.4256403,
            "p(99)": 64.44308744,
            "avg": 22.117439630107114,
            "min": 9.229224,
            "med": 13.796130999999999,
            "thresholds": {
                "p(95)<5000": false,
                "p(99)<10000": false
            }
        },
        "data_received": {
            "count": 43364523,
            "rate": 481658.3069751516
        },
        "iteration_duration": {
            "p(95)": 52.49226219999998,
            "p(99)": 64.51585167999991,
            "avg": 22.183600223890984,
            "min": 9.268229,
            "med": 13.862927,
            "max": 834.192899,
            "p(90)": 49.280013
        },
        "iterations": {
            "count": 169337,
            "rate": 1880.859446516943
        },
        "http_req_tls_handshaking": {
            "p(99)": 0,
            "avg": 0,
            "min": 0,
            "med": 0,
            "max": 0,
            "p(90)": 0,
            "p(95)": 0
        },
        "http_req_receiving": {
            "avg": 0.0193198050053741,
            "min": 0.006074,
            "med": 0.017095,
            "max": 4.251282,
            "p(90)": 0.027627,
            "p(95)": 0.03291529999999999,
            "p(99)": 0.05296004000000004
        },
        "http_req_waiting": {
            "p(99)": 64.42130484000002,
            "avg": 22.09297809963485,
            "min": 9.21661,
            "med": 13.7719275,
            "max": 833.901641,
            "p(90)": 49.1902929,
            "p(95)": 52.4004837
        },
        "http_req_failed": {
            "passes": 0,
            "fails": 169338,
            "thresholds": {
                "rate<0.05": false
            },
            "value": 0
        },
        "http_reqs": {
            "count": 169338,
            "rate": 1880.8705537141093
        },
        "http_req_duration{expected_response:true}": {
            "p(95)": 52.4256403,
            "p(99)": 64.44308744,
            "avg": 22.117439630107114,
            "min": 9.229224,
            "med": 13.796130999999999,
            "max": 833.996428,
            "p(90)": 49.2154079
        },
        "vus_max": {
            "value": 50,
            "min": 50,
            "max": 50
        },
        "http_req_connecting": {
            "p(95)": 0,
            "p(99)": 0,
            "avg": 0.0032140392351391886,
            "min": 0,
            "med": 0,
            "max": 13.227587,
            "p(90)": 0
        }
    }
}