{
    "root_group": {
        "name": "",
        "path": "",
        "id": "d41d8cd98f00b204e9800998ecf8427e",
        "groups": {},
        "checks": {
                "status 200": {
                    "id": "fad9fa412b86fcb03bee97c80dcd61f1",
                    "passes": 205447,
                    "fails": 0,
                    "name": "status 200",
                    "path": "::status 200"
                }
            }
    },
    "metrics": {
        "http_req_connecting": {
            "p(95)": 0,
            "p(99)": 0,
            "avg": 0.009304514061952415,
            "min": 0,
            "med": 0,
            "max": 1061.287499,
            "p(90)": 0
        },
        "vus_max": {
            "value": 50,
            "min": 50,
            "max": 50
        },
        "http_req_blocked": {
            "p(99)": 0.006638529999999998,
            "avg": 0.011275417896499587,
            "min": 0.000704,
            "med": 0.001642,
            "max": 1061.323118,
            "p(90)": 0.002732,
            "p(95)": 0.003227
        },
        "http_req_duration{expected_response:true}": {
            "med": 17.048843499999997,
            "max": 455.545349,
            "p(90)": 24.950375900000004,
            "p(95)": 28.37597645,
            "p(99)": 38.06369715,
            "avg": 18.19626793615419,
            "min": 9.41252
        },
        "http_req_sending": {
            "p(95)": 0.009930649999999994,
            "p(99)": 0.017734419999999983,
            "avg": 0.005825133474163844,
            "min": 0.002052,
            "med": 0.004862,
            "max": 6.276058,
            "p(90)": 0.008319300000000017
        },
        "iteration_duration": {
            "p(95)": 28.45158819999996,
            "p(99)": 38.15192916000001,
            "avg": 18.274642602739526,
            "min": 9.496319,
            "med": 17.118814,
            "max": 1072.889328,
            "p(90)": 25.0242514
        },
        "http_req_failed": {
            "fails": 205448,
            "passes": 0,
            "thresholds": {
                "rate<0.05": false
            },
            "value": 0
        },
        "checks": {
            "passes": 205447,
            "fails": 0,
            "value": 1
        },
        "http_req_duration": {
            "p(90)": 24.950375900000004,
            "p(95)": 28.37597645,
            "p(99)": 38.06369715,
            "avg": 18.19626793615419,
            "min": 9.41252,
            "med": 17.048843499999997,
            "max": 455.545349,
            "thresholds": {
                "p(99)<10000": false,
                "p(95)<5000": false
            }
        },
        "data_sent": {
            "count": 20955676,
            "rate": 232763.64842958175
        },
        "iterations": {
            "count": 205447,
            "rate": 2281.987623730787
        },
        "server_membw_us": {
            "p(90)": 5306,
            "p(95)": 6853.6999999999825,
            "p(99)": 11093,
            "avg": 2464.6018827240114,
            "min": 569,
            "med": 1516,
            "max": 31447
        },
        "http_reqs": {
            "count": 205448,
            "rate": 2281.998731158122
        },
        "http_req_waiting": {
            "avg": 18.169688518744394,
            "min": 9.375497,
            "med": 17.022342000000002,
            "max": 455.514492,
            "p(90)": 24.924286600000002,
            "p(95)": 28.346752299999995,
            "p(99)": 38.04117348999999
        },
        "http_req_receiving": {
            "p(99)": 0.05918647999999998,
            "avg": 0.0207542839355947,
            "min": 0.006097,
            "med": 0.017907,
            "max": 13.336334,
            "p(90)": 0.02946430000000002,
            "p(95)": 0.034367
        },
        "http_req_tls_handshaking": {
            "p(95)": 0,
            "p(99)": 0,
            "avg": 0,
            "min": 0,
            "med": 0,
            "max": 0,
            "p(90)": 0
        },
        "vus": {
            "value": 1,
            "min": 1,
            "max": 50
        },
        "data_received": {
            "rate": 585480.7809781457,
            "count": 52710746
        }
    }
}