{
    "metrics": {
        "data_received": {
            "count": 29053441,
            "rate": 322683.94382253714
        },
        "iterations": {
            "rate": 1335.9087980979118,
            "count": 120281
        },
        "vus_max": {
            "value": 50,
            "min": 50,
            "max": 50
        },
        "http_req_duration": {
            "p(90)": 66.909052,
            "p(95)": 72.1905489,
            "p(99)": 76.74691703,
            "avg": 31.148723246728622,
            "min": 9.598551,
            "med": 23.6936515,
            "max": 227.766395,
            "thresholds": {
                "p(95)<5000": false,
                "p(99)<10000": false
            }
        },
        "http_req_connecting": {
            "max": 12.498022,
            "p(90)": 0,
            "p(95)": 0,
            "p(99)": 0,
            "avg": 0.004441437887630734,
            "min": 0,
            "med": 0
        },
        "server_membw_us": {
            "p(99)": 34021.999999999985,
            "avg": 1945.6406082423657,
            "min": 699,
            "med": 1090,
            "max": 53389,
            "p(90)": 1459,
            "p(95)": 2049
        },
        "http_reqs": {
            "count": 120282,
            "rate": 1335.919904663355
        },
        "http_req_waiting": {
            "med": 23.670617,
            "max": 227.738565,
            "p(90)": 66.885664,
            "p(95)": 72.17014035,
            "p(99)": 76.72606272,
            "avg": 31.124085933581128,
            "min": 9.58439
        },
        "iteration_duration": {
            "min": 9.639357,
            "med": 23.763092,
            "max": 227.825771,
            "p(90)": 66.970937,
            "p(95)": 72.256495,
            "p(99)": 76.8087378,
            "avg": 31.217373007158518
        },
        "vus": {
            "value": 1,
            "min": 1,
            "max": 50
        },
        "http_req_failed": {
            "fails": 120282,
            "passes": 0,
            "thresholds": {
                "rate<0.05": false
            },
            "value": 0
        },
        "http_req_blocked": {
            "max": 12.584822,
            "p(90)": 0.002241,
            "p(95)": 0.00302,
            "p(99)": 0.0067711900000000024,
            "avg": 0.006138200187891525,
            "min": 0.000734,
            "med": 0.001403
        },
        "http_req_receiving": {
            "avg": 0.019515687459470132,
            "min": 0.005967,
            "med": 0.016293,
            "max": 5.002332,
            "p(90)": 0.029485,
            "p(95)": 0.03860329999999996,
            "p(99)": 0.07080947000000003
        },
        "http_req_duration{expected_response:true}": {
            "p(90)": 66.909052,
            "p(95)": 72.1905489,
            "p(99)": 76.74691703,
            "avg": 31.148723246728622,
            "min": 9.598551,
            "med": 23.6936515,
            "max": 227.766395
        },
        "http_req_tls_handshaking": {
            "avg": 0,
            "min": 0,
            "med": 0,
            "max": 0,
            "p(90)": 0,
            "p(95)": 0,
            "p(99)": 0
        },
        "data_sent": {
            "rate": 140271.3678583434,
            "count": 12629590
        },
        "checks": {
            "passes": 120281,
            "fails": 0,
            "value": 1
        },
        "http_req_sending": {
            "p(99)": 0.021379380000000003,
            "avg": 0.005121625687966571,
            "min": 0.002162,
            "med": 0.004212,
            "max": 0.922956,
            "p(90)": 0.007020900000000009,
            "p(95)": 0.009602949999999997
        }
    },
    "root_group": {
        "path": "",
        "id": "d41d8cd98f00b204e9800998ecf8427e",
        "groups": {},
        "checks": {
                "status 200": {
                    "passes": 120281,
                    "fails": 0,
                    "name": "status 200",
                    "path": "::status 200",
                    "id": "fad9fa412b86fcb03bee97c80dcd61f1"
                }
            },
        "name": ""
    }
}