{
    "root_group": {
        "name": "",
        "path": "",
        "id": "d41d8cd98f00b204e9800998ecf8427e",
        "groups": {},
        "checks": {
                "status 200": {
                    "name": "status 200",
                    "path": "::status 200",
                    "id": "fad9fa412b86fcb03bee97c80dcd61f1",
                    "passes": 141216,
                    "fails": 0
                }
            }
    },
    "metrics": {
        "checks": {
            "passes": 141216,
            "fails": 0,
            "value": 1
        },
        "http_req_tls_handshaking": {
            "p(95)": 0,
            "p(99)": 0,
            "avg": 0,
            "min": 0,
            "med": 0,
            "max": 0,
            "p(90)": 0
        },
        "iterations": {
            "count": 141216,
            "rate": 1568.6140784204422
        },
        "http_req_duration{expected_response:true}": {
            "avg": 26.513848417166212,
            "min": 9.825918,
            "med": 24.965141,
            "max": 323.390488,
            "p(90)": 39.42108700000001,
            "p(95)": 44.193461999999975,
            "p(99)": 57.140945079999995
        },
        "http_req_receiving": {
            "min": 0.005344,
            "med": 0.017987,
            "max": 2.951097,
            "p(90)": 0.02790040000000001,
            "p(95)": 0.03235839999999996,
            "p(99)": 0.06313867999999999,
            "avg": 0.020181997599439134
        },
        "http_req_blocked": {
            "avg": 0.005748134594276959,
            "min": 0.000698,
            "med": 0.001759,
            "max": 15.472537,
            "p(90)": 0.002607,
            "p(95)": 0.003024,
            "p(99)": 0.007068
        },
        "http_req_connecting": {
            "min": 0,
            "med": 0,
            "max": 15.432584,
            "p(90)": 0,
            "p(95)": 0,
            "p(99)": 0,
            "avg": 0.0037662268707025362
        },
        "http_req_failed": {
            "passes": 0,
            "fails": 141217,
            "thresholds": {
                "rate<0.05": false
            },
            "value": 0
        },
        "http_req_duration": {
            "avg": 26.513848417166212,
            "min": 9.825918,
            "med": 24.965141,
            "max": 323.390488,
            "p(90)": 39.42108700000001,
            "p(95)": 44.193461999999975,
            "p(99)": 57.140945079999995,
            "thresholds": {
                "p(95)<5000": false,
                "p(99)<10000": false
            }
        },
        "http_req_sending": {
            "avg": 0.005904167161177509,
            "min": 0.002148,
            "med": 0.005187,
            "max": 1.200923,
            "p(90)": 0.008083,
            "p(95)": 0.009565199999999984,
            "p(99)": 0.019415039999999977
        },
        "data_sent": {
            "count": 14404114,
            "rate": 159999.54684719146
        },
        "vus": {
            "value": 1,
            "min": 1,
            "max": 50
        },
        "http_reqs": {
            "rate": 1568.6251863266173,
            "count": 141217
        },
        "data_received": {
            "rate": 379632.3989589971,
            "count": 34176774
        },
        "server_membw_us": {
            "max": 37548,
            "p(90)": 8088,
            "p(95)": 9545,
            "p(99)": 13452,
            "avg": 4440.977084749604,
            "min": 749,
            "med": 4162.5
        },
        "iteration_duration": {
            "max": 323.534279,
            "p(90)": 39.500042,
            "p(95)": 44.267467749999994,
            "p(99)": 57.22786050000002,
            "avg": 26.587870226305686,
            "min": 9.858738,
            "med": 25.0375125
        },
        "vus_max": {
            "value": 50,
            "min": 50,
            "max": 50
        },
        "http_req_waiting": {
            "p(95)": 44.1653944,
            "p(99)": 57.11434631999999,
            "avg": 26.48776225240541,
            "min": 9.815114,
            "med": 24.939526,
            "max": 323.349074,
            "p(90)": 39.3956898
        }
    }
}