{
    "root_group": {
        "groups": {},
        "checks": {
                "status 200": {
                    "id": "fad9fa412b86fcb03bee97c80dcd61f1",
                    "passes": 245469,
                    "fails": 0,
                    "name": "status 200",
                    "path": "::status 200"
                }
            },
        "name": "",
        "path": "",
        "id": "d41d8cd98f00b204e9800998ecf8427e"
    },
    "metrics": {
        "vus": {
            "value": 1,
            "min": 1,
            "max": 50
        },
        "http_req_blocked": {
            "max": 1063.984347,
            "p(90)": 0.002928,
            "p(95)": 0.003453,
            "p(99)": 0.006376309999999997,
            "avg": 0.013391950417566858,
            "min": 0.000758,
            "med": 0.001915
        },
        "http_req_connecting": {
            "p(90)": 0,
            "p(95)": 0,
            "p(99)": 0,
            "avg": 0.011187720267242428,
            "min": 0,
            "med": 0,
            "max": 1063.929332
        },
        "server_membw_us": {
            "med": 769,
            "max": 28622,
            "p(90)": 3275,
            "p(95)": 4269,
            "p(99)": 7077,
            "avg": 1514.9150157453691,
            "min": 525
        },
        "checks": {
            "passes": 245469,
            "fails": 0,
            "value": 1
        },
        "http_req_duration": {
            "min": 9.310359,
            "med": 14.0258685,
            "max": 444.355764,
            "p(90)": 19.9327339,
            "p(95)": 22.296825999999992,
            "p(99)": 28.57112351999999,
            "avg": 15.20189674566793,
            "thresholds": {
                "p(99)<10000": false,
                "p(95)<5000": false
            }
        },
        "http_req_failed": {
            "passes": 0,
            "fails": 245470,
            "thresholds": {
                "rate<0.05": false
            },
            "value": 0
        },
        "http_req_waiting": {
            "avg": 15.171250942746628,
            "min": 9.294019,
            "med": 13.996128500000001,
            "max": 444.339485,
            "p(90)": 19.8976962,
            "p(95)": 22.2604302,
            "p(99)": 28.522938829999998
        },
        "data_received": {
            "count": 62940070,
            "rate": 699076.221690974
        },
        "vus_max": {
            "value": 50,
            "min": 50,
            "max": 50
        },
        "http_req_sending": {
            "min": 0.002316,
            "med": 0.005777,
            "max": 7.186504,
            "p(90)": 0.008958,
            "p(95)": 0.010641,
            "p(99)": 0.017796619999999996,
            "avg": 0.006898543125432833
        },
        "http_req_tls_handshaking": {
            "min": 0,
            "med": 0,
            "max": 0,
            "p(90)": 0,
            "p(95)": 0,
            "p(99)": 0,
            "avg": 0
        },
        "http_req_receiving": {
            "avg": 0.023747259795494,
            "min": 0.006012,
            "med": 0.019938,
            "max": 14.329199,
            "p(90)": 0.030769100000000008,
            "p(95)": 0.036208,
            "p(99)": 0.05847871999999997
        },
        "http_req_duration{expected_response:true}": {
            "p(90)": 19.9327339,
            "p(95)": 22.296825999999992,
            "p(99)": 28.57112351999999,
            "avg": 15.20189674566793,
            "min": 9.310359,
            "med": 14.0258685,
            "max": 444.355764
        },
        "iteration_duration": {
            "med": 14.106603,
            "max": 1074.691084,
            "p(90)": 20.018490399999997,
            "p(95)": 22.384185599999977,
            "p(99)": 28.673652600000004,
            "avg": 15.292065573200672,
            "min": 9.353777
        },
        "iterations": {
            "count": 245469,
            "rate": 2726.4275534212416
        },
        "data_sent": {
            "count": 26019800,
            "rate": 289002.27586583246
        },
        "http_reqs": {
            "count": 245470,
            "rate": 2726.438660434972
        }
    }
}