{
    "root_group": {
        "path": "",
        "id": "d41d8cd98f00b204e9800998ecf8427e",
        "groups": {},
        "checks": {
                "status 200": {
                    "name": "status 200",
                    "path": "::status 200",
                    "id": "fad9fa412b86fcb03bee97c80dcd61f1",
                    "passes": 171636,
                    "fails": 0
                }
            },
        "name": ""
    },
    "metrics": {
        "server_compute_us": {
            "min": 337,
            "med": 402,
            "max": 2590,
            "p(90)": 480,
            "p(95)": 511,
            "p(99)": 576,
            "avg": 416.7880980680044
        },
        "data_received": {
            "count": 30551308,
            "rate": 339326.20664191555
        },
        "vus_max": {
            "value": 50,
            "min": 50,
            "max": 50
        },
        "http_req_tls_handshaking": {
            "avg": 0,
            "min": 0,
            "med": 0,
            "max": 0,
            "p(90)": 0,
            "p(95)": 0,
            "p(99)": 0
        },
        "iterations": {
            "count": 171636,
            "rate": 1906.3207638504975
        },
        "http_req_failed": {
            "passes": 0,
            "fails": 171637,
            "thresholds": {
                "rate<0.05": false
            },
            "value": 0
        },
        "http_req_duration{expected_response:true}": {
            "max": 1313.851027,
            "p(90)": 25.5862006,
            "p(95)": 26.603088599999996,
            "p(99)": 29.247381799999996,
            "avg": 21.78189430936768,
            "min": 8.960875,
            "med": 23.497828
        },
        "http_req_waiting": {
            "max": 1313.801176,
            "p(90)": 25.555608199999998,
            "p(95)": 26.57082759999999,
            "p(99)": 29.212829719999995,
            "avg": 21.7499820394382,
            "min": 8.936488,
            "med": 23.466815
        },
        "http_reqs": {
            "count": 171637,
            "rate": 1906.3318706157672
        },
        "http_req_connecting": {
            "max": 1039.600719,
            "p(90)": 0,
            "p(95)": 0,
            "p(99)": 0,
            "avg": 0.009105149373386858,
            "min": 0,
            "med": 0
        },
        "vus": {
            "value": 1,
            "min": 1,
            "max": 50
        },
        "http_req_sending": {
            "p(95)": 0.014369,
            "p(99)": 0.02904027999999997,
            "avg": 0.007312799454662951,
            "min": 0.002881,
            "med": 0.006173,
            "max": 2.624489,
            "p(90)": 0.010601
        },
        "iteration_duration": {
            "max": 1314.005636,
            "p(90)": 25.6706545,
            "p(95)": 26.689718,
            "p(99)": 29.347983049999996,
            "avg": 21.873502171636673,
            "min": 9.021005,
            "med": 23.5760485
        },
        "http_req_blocked": {
            "avg": 0.011545453969715003,
            "min": 0.000957,
            "med": 0.002074,
            "max": 1039.707781,
            "p(90)": 0.003316,
            "p(95)": 0.004545,
            "p(99)": 0.010254639999999985
        },
        "http_req_receiving": {
            "max": 6.563161,
            "p(90)": 0.036433,
            "p(95)": 0.0455731999999999,
            "p(99)": 0.0725324799999999,
            "avg": 0.02459947047548007,
            "min": 0.007323,
            "med": 0.021698
        },
        "checks": {
            "passes": 171636,
            "fails": 0,
            "value": 1
        },
        "http_req_duration": {
            "max": 1313.851027,
            "p(90)": 25.5862006,
            "p(95)": 26.603088599999996,
            "p(99)": 29.247381799999996,
            "avg": 21.78189430936768,
            "min": 8.960875,
            "med": 23.497828,
            "thresholds": {
                "p(95)<5000": false,
                "p(99)<10000": false
            }
        },
        "data_sent": {
            "count": 17850226,
            "rate": 198258.27019520386
        }
    }
}