{
    "root_group": {
        "name": "",
        "path": "",
        "id": "d41d8cd98f00b204e9800998ecf8427e",
        "groups": {},
        "checks": {
                "status 200": {
                    "name": "status 200",
                    "path": "::status 200",
                    "id": "fad9fa412b86fcb03bee97c80dcd61f1",
                    "passes": 71943,
                    "fails": 0
                }
            }
    },
    "metrics": {
        "http_reqs": {
            "count": 71944,
            "rate": 799.1433470879306
        },
        "http_req_receiving": {
            "min": 0.005366,
            "med": 0.018722,
            "max": 1.287032,
            "p(90)": 0.06155190000000003,
            "p(95)": 0.07425339999999997,
            "p(99)": 0.10074392999999962,
            "avg": 0.027443415045035138
        },
        "vus": {
            "min": 1,
            "max": 50,
            "value": 1
        },
        "http_req_blocked": {
            "max": 25.256688,
            "p(90)": 0.005398,
            "p(95)": 0.006526,
            "p(99)": 0.00914827999999997,
            "avg": 0.010499845199043577,
            "min": 0.000691,
            "med": 0.001567
        },
        "iteration_duration": {
            "p(95)": 97.64995520000001,
            "p(99)": 122.40765692000014,
            "avg": 52.19787152399852,
            "min": 9.063267,
            "med": 50.906552,
            "max": 286.248982,
            "p(90)": 89.4824134
        },
        "vus_max": {
            "value": 50,
            "min": 50,
            "max": 50
        },
        "http_req_connecting": {
            "max": 25.147511,
            "p(90)": 0,
            "p(95)": 0,
            "p(99)": 0,
            "avg": 0.008051420869009228,
            "min": 0,
            "med": 0
        },
        "http_req_failed": {
            "passes": 0,
            "fails": 71944,
            "thresholds": {
                "rate<0.05": false
            },
            "value": 0
        },
        "http_req_waiting": {
            "p(99)": 122.18811096999971,
            "avg": 52.06566663981695,
            "min": 9.024187,
            "med": 50.768977500000005,
            "max": 286.156226,
            "p(90)": 89.3479706,
            "p(95)": 97.52712369999995
        },
        "data_received": {
            "count": 12813274,
            "rate": 142327.95885014394
        },
        "http_req_duration{expected_response:true}": {
            "min": 9.033619,
            "med": 50.805434500000004,
            "max": 286.179855,
            "p(90)": 89.38948140000001,
            "p(95)": 97.5571452,
            "p(99)": 122.25136979999972,
            "avg": 52.100662680696296
        },
        "http_req_tls_handshaking": {
            "max": 0,
            "p(90)": 0,
            "p(95)": 0,
            "p(99)": 0,
            "avg": 0,
            "min": 0,
            "med": 0
        },
        "server_compute_us": {
            "max": 48875,
            "p(90)": 943,
            "p(95)": 1145,
            "p(99)": 13792.48000000001,
            "avg": 957.6291786553244,
            "min": 316,
            "med": 425
        },
        "checks": {
            "fails": 0,
            "passes": 71943,
            "value": 1
        },
        "data_sent": {
            "rate": 87106.38045982734,
            "count": 7841874
        },
        "http_req_sending": {
            "max": 0.687926,
            "p(90)": 0.018484700000000007,
            "p(95)": 0.021674399999999965,
            "p(99)": 0.030346109999999826,
            "avg": 0.007552625833981995,
            "min": 0.002072,
            "med": 0.004786
        },
        "http_req_duration": {
            "p(95)": 97.5571452,
            "p(99)": 122.25136979999972,
            "avg": 52.100662680696296,
            "min": 9.033619,
            "med": 50.805434500000004,
            "max": 286.179855,
            "p(90)": 89.38948140000001,
            "thresholds": {
                "p(95)<5000": false,
                "p(99)<10000": false
            }
        },
        "iterations": {
            "count": 71943,
            "rate": 799.1322392353356
        }
    }
}