{
    "root_group": {
        "name": "",
        "path": "",
        "id": "d41d8cd98f00b204e9800998ecf8427e",
        "groups": {},
        "checks": {
                "status 200": {
                    "name": "status 200",
                    "path": "::status 200",
                    "id": "fad9fa412b86fcb03bee97c80dcd61f1",
                    "passes": 167779,
                    "fails": 0
                }
            }
    },
    "metrics": {
        "iterations": {
            "count": 167779,
            "rate": 1863.6278922410063
        },
        "http_req_failed": {
            "passes": 0,
            "fails": 167780,
            "thresholds": {
                "rate<0.05": false
            },
            "value": 0
        },
        "http_req_duration{expected_response:true}": {
            "p(90)": 58.48382,
            "p(95)": 63.37216284999999,
            "p(99)": 70.82460329999999,
            "avg": 22.285311126361954,
            "min": 8.694406,
            "med": 12.5023305,
            "max": 873.21165
        },
        "data_sent": {
            "count": 17952438,
            "rate": 199409.12861876245
        },
        "data_received": {
            "count": 30369556,
            "rate": 337333.94308331324
        },
        "http_req_duration": {
            "med": 12.5023305,
            "max": 873.21165,
            "p(90)": 58.48382,
            "p(95)": 63.37216284999999,
            "p(99)": 70.82460329999999,
            "avg": 22.285311126361954,
            "min": 8.694406,
            "thresholds": {
                "p(95)<5000": false,
                "p(99)<10000": false
            }
        },
        "http_req_sending": {
            "p(95)": 0.018432,
            "p(99)": 0.028723629999999976,
            "avg": 0.007021949570866465,
            "min": 0.002169,
            "med": 0.00471,
            "max": 5.134776,
            "p(90)": 0.012839
        },
        "checks": {
            "passes": 167779,
            "fails": 0,
            "value": 1
        },
        "server_compute_us": {
            "med": 169,
            "max": 67481,
            "p(90)": 221,
            "p(95)": 248,
            "p(99)": 333,
            "avg": 349.6799539870902,
            "min": 113
        },
        "http_req_tls_handshaking": {
            "med": 0,
            "max": 0,
            "p(90)": 0,
            "p(95)": 0,
            "p(99)": 0,
            "avg": 0,
            "min": 0
        },
        "http_req_blocked": {
            "p(99)": 0.008160419999999984,
            "avg": 0.011997865097151408,
            "min": 0.000725,
            "med": 0.001559,
            "max": 1054.57288,
            "p(90)": 0.004168100000000005,
            "p(95)": 0.005907
        },
        "http_req_connecting": {
            "p(99)": 0,
            "avg": 0.009773306287996185,
            "min": 0,
            "med": 0,
            "max": 1054.533943,
            "p(90)": 0,
            "p(95)": 0
        },
        "http_req_waiting": {
            "p(95)": 63.33086295,
            "p(99)": 70.79353483999999,
            "avg": 22.253967665931278,
            "min": 8.676246,
            "med": 12.4765085,
            "max": 873.156307,
            "p(90)": 58.441908700000006
        },
        "vus": {
            "max": 50,
            "value": 1,
            "min": 1
        },
        "iteration_duration": {
            "med": 12.578618,
            "max": 1064.607284,
            "p(90)": 58.5930214,
            "p(95)": 63.4790804,
            "p(99)": 70.91820234000001,
            "avg": 22.377511336294052,
            "min": 8.743871
        },
        "http_req_receiving": {
            "p(90)": 0.042601,
            "p(95)": 0.06101309999999997,
            "p(99)": 0.09626909999999993,
            "avg": 0.02432151085945893,
            "min": 0.005306,
            "med": 0.015816,
            "max": 17.077533
        },
        "vus_max": {
            "value": 50,
            "min": 50,
            "max": 50
        },
        "http_reqs": {
            "count": 167780,
            "rate": 1863.6389998760037
        }
    }
}