{
    "root_group": {
        "id": "d41d8cd98f00b204e9800998ecf8427e",
        "groups": {},
        "checks": {
                "status 200": {
                    "fails": 0,
                    "name": "status 200",
                    "path": "::status 200",
                    "id": "fad9fa412b86fcb03bee97c80dcd61f1",
                    "passes": 98016
                }
            },
        "name": "",
        "path": ""
    },
    "metrics": {
        "http_req_blocked": {
            "p(90)": 0.004153,
            "p(95)": 0.005694,
            "p(99)": 0.00845051999999999,
            "avg": 0.00776906091800376,
            "min": 0.000723,
            "med": 0.001528,
            "max": 17.419454
        },
        "http_req_connecting": {
            "max": 17.369479,
            "p(90)": 0,
            "p(95)": 0,
            "p(99)": 0,
            "avg": 0.0055510041829478565,
            "min": 0,
            "med": 0
        },
        "iteration_duration": {
            "max": 491.395008,
            "p(90)": 73.2854255,
            "p(95)": 74.27764149999999,
            "p(99)": 76.9689287,
            "avg": 38.30807379146321,
            "min": 8.938719,
            "med": 23.121420999999998
        },
        "http_req_waiting": {
            "min": 8.866246,
            "med": 23.028033,
            "max": 491.326968,
            "p(90)": 73.1643374,
            "p(95)": 74.1489156,
            "p(99)": 76.83458755999999,
            "avg": 38.19040391689151
        },
        "data_received": {
            "count": 17448372,
            "rate": 193814.1316615746
        },
        "iterations": {
            "count": 98016,
            "rate": 1088.7483330216078
        },
        "http_req_failed": {
            "passes": 0,
            "fails": 98017,
            "thresholds": {
                "rate<0.05": false
            },
            "value": 0
        },
        "http_req_receiving": {
            "p(95)": 0.06181379999999999,
            "p(99)": 0.0945477999999995,
            "avg": 0.025185744228041904,
            "min": 0.005404,
            "med": 0.016734,
            "max": 8.832742,
            "p(90)": 0.045382800000000015
        },
        "http_req_duration{expected_response:true}": {
            "med": 23.052779,
            "max": 491.344316,
            "p(90)": 73.1996076,
            "p(95)": 74.1844694,
            "p(99)": 76.86476332000001,
            "avg": 38.22264365997711,
            "min": 8.887927
        },
        "http_req_sending": {
            "avg": 0.007053998857341068,
            "min": 0.002079,
            "med": 0.00461,
            "max": 10.44544,
            "p(90)": 0.013072,
            "p(95)": 0.018931,
            "p(99)": 0.028226879999999975
        },
        "vus_max": {
            "value": 50,
            "min": 50,
            "max": 50
        },
        "checks": {
            "passes": 98016,
            "fails": 0,
            "value": 1
        },
        "data_sent": {
            "count": 10487797,
            "rate": 116497.01580169583
        },
        "vus": {
            "value": 1,
            "min": 1,
            "max": 50
        },
        "http_req_duration": {
            "min": 8.887927,
            "med": 23.052779,
            "max": 491.344316,
            "p(90)": 73.1996076,
            "p(95)": 74.1844694,
            "p(99)": 76.86476332000001,
            "avg": 38.22264365997711,
            "thresholds": {
                "p(95)<5000": false,
                "p(99)<10000": false
            }
        },
        "http_reqs": {
            "count": 98017,
            "rate": 1088.7594408849466
        },
        "server_compute_us": {
            "max": 51940,
            "p(90)": 442,
            "p(95)": 476,
            "p(99)": 643.8500000000058,
            "avg": 736.4501305909239,
            "min": 308,
            "med": 377
        },
        "http_req_tls_handshaking": {
            "p(99)": 0,
            "avg": 0,
            "min": 0,
            "med": 0,
            "max": 0,
            "p(90)": 0,
            "p(95)": 0
        }
    }
}