{
    "root_group": {
        "path": "",
        "id": "d41d8cd98f00b204e9800998ecf8427e",
        "groups": {},
        "checks": {
                "status 200": {
                    "id": "fad9fa412b86fcb03bee97c80dcd61f1",
                    "passes": 291701,
                    "fails": 0,
                    "name": "status 200",
                    "path": "::status 200"
                }
            },
        "name": ""
    },
    "metrics": {
        "http_req_duration{expected_response:true}": {
            "p(99)": 21.812899259999995,
            "avg": 12.766032153423733,
            "min": 8.607286,
            "med": 12.134488999999999,
            "max": 444.975044,
            "p(90)": 15.330797700000002,
            "p(95)": 16.8176183
        },
        "checks": {
            "passes": 291701,
            "fails": 0,
            "value": 1
        },
        "data_sent": {
            "count": 30336986,
            "rate": 336966.0990796556
        },
        "http_req_tls_handshaking": {
            "p(99)": 0,
            "avg": 0,
            "min": 0,
            "med": 0,
            "max": 0,
            "p(90)": 0,
            "p(95)": 0
        },
        "http_req_sending": {
            "p(90)": 0.012724,
            "p(95)": 0.015785,
            "p(99)": 0.033989899999999906,
            "avg": 0.009032718476390153,
            "min": 0.002829,
            "med": 0.006713,
            "max": 5.821987
        },
        "iterations": {
            "count": 291701,
            "rate": 3240.049887211426
        },
        "vus": {
            "value": 1,
            "min": 1,
            "max": 50
        },
        "http_req_duration": {
            "avg": 12.766032153423733,
            "min": 8.607286,
            "med": 12.134488999999999,
            "max": 444.975044,
            "p(90)": 15.330797700000002,
            "p(95)": 16.8176183,
            "p(99)": 21.812899259999995,
            "thresholds": {
                "p(95)<5000": false,
                "p(99)<10000": false
            }
        },
        "vus_max": {
            "value": 50,
            "min": 50,
            "max": 50
        },
        "server_compute_us": {
            "p(99)": 311,
            "avg": 181.94909856325484,
            "min": 115,
            "med": 176,
            "max": 2460,
            "p(90)": 230,
            "p(95)": 255
        },
        "http_req_blocked": {
            "max": 15.262782,
            "p(90)": 0.004174,
            "p(95)": 0.005153950000000011,
            "p(99)": 0.010947969999999972,
            "avg": 0.004718037312051127,
            "min": 0.000956,
            "med": 0.002265
        },
        "http_req_waiting": {
            "p(95)": 16.778298900000003,
            "p(99)": 21.761597119999987,
            "avg": 12.729517687516545,
            "min": 8.570407,
            "med": 12.099673,
            "max": 444.939193,
            "p(90)": 15.290337200000002
        },
        "iteration_duration": {
            "p(95)": 16.931307,
            "p(99)": 21.957733,
            "avg": 12.865989988519097,
            "min": 8.710192,
            "med": 12.233124,
            "max": 445.069631,
            "p(90)": 15.43478
        },
        "http_req_failed": {
            "passes": 0,
            "fails": 291702,
            "thresholds": {
                "rate<0.05": false
            },
            "value": 0
        },
        "http_req_receiving": {
            "p(90)": 0.038683,
            "p(95)": 0.047617,
            "p(99)": 0.0879617799999998,
            "avg": 0.027481747430596594,
            "min": 0.00731,
            "med": 0.021547,
            "max": 12.962663
        },
        "http_reqs": {
            "count": 291702,
            "rate": 3240.060994646393
        },
        "http_req_connecting": {
            "p(95)": 0,
            "p(99)": 0,
            "avg": 0.0018432708997538586,
            "min": 0,
            "med": 0,
            "max": 15.216309,
            "p(90)": 0
        },
        "data_received": {
            "rate": 586450.06257672,
            "count": 52797974
        }
    }
}