{
    "root_group": {
        "id": "d41d8cd98f00b204e9800998ecf8427e",
        "groups": {},
        "checks": {
                "status 200": {
                    "id": "fad9fa412b86fcb03bee97c80dcd61f1",
                    "passes": 125456,
                    "fails": 0,
                    "name": "status 200",
                    "path": "::status 200"
                }
            },
        "name": "",
        "path": ""
    },
    "metrics": {
        "http_req_duration{expected_response:true}": {
            "avg": 29.840762909196282,
            "min": 8.879889,
            "med": 21.201309,
            "max": 443.584093,
            "p(90)": 57.419138600000004,
            "p(95)": 71.01779839999999,
            "p(99)": 84.84385672
        },
        "http_req_connecting": {
            "avg": 0.004563043847692836,
            "min": 0,
            "med": 0,
            "max": 27.133132,
            "p(90)": 0,
            "p(95)": 0,
            "p(99)": 0
        },
        "checks": {
            "fails": 0,
            "passes": 125456,
            "value": 1
        },
        "http_req_duration": {
            "max": 443.584093,
            "p(90)": 57.419138600000004,
            "p(95)": 71.01779839999999,
            "p(99)": 84.84385672,
            "avg": 29.840762909196282,
            "min": 8.879889,
            "med": 21.201309,
            "thresholds": {
                "p(95)<5000": false,
                "p(99)<10000": false
            }
        },
        "http_req_failed": {
            "passes": 0,
            "fails": 125457,
            "thresholds": {
                "rate<0.05": false
            },
            "value": 0
        },
        "http_req_tls_handshaking": {
            "min": 0,
            "med": 0,
            "max": 0,
            "p(90)": 0,
            "p(95)": 0,
            "p(99)": 0,
            "avg": 0
        },
        "server_compute_us": {
            "avg": 552.1809957275858,
            "min": 115,
            "med": 211,
            "max": 101189,
            "p(90)": 377,
            "p(95)": 510,
            "p(99)": 2272.449999999997
        },
        "http_req_waiting": {
            "max": 443.526758,
            "p(90)": 57.38769060000003,
            "p(95)": 70.97039799999999,
            "p(99)": 84.80502312,
            "avg": 29.809658619869253,
            "min": 8.866907,
            "med": 21.167108
        },
        "http_req_receiving": {
            "avg": 0.023985676733861244,
            "min": 0.005363,
            "med": 0.016276,
            "max": 4.543782,
            "p(90)": 0.05003480000000002,
            "p(95)": 0.064235,
            "p(99)": 0.09705284000000008
        },
        "vus_max": {
            "value": 50,
            "min": 50,
            "max": 50
        },
        "data_sent": {
            "count": 13674791,
            "rate": 151888.00159075408
        },
        "data_received": {
            "count": 22710291,
            "rate": 252246.68629557028
        },
        "iterations": {
            "rate": 1393.4590391596948,
            "count": 125456
        },
        "http_req_blocked": {
            "p(95)": 0.006336,
            "p(99)": 0.008698440000000002,
            "avg": 0.006809941334480909,
            "min": 0.000728,
            "med": 0.001503,
            "max": 27.177256,
            "p(90)": 0.004948
        },
        "http_req_sending": {
            "p(95)": 0.019854,
            "p(99)": 0.03054972000000003,
            "avg": 0.0071186125923623595,
            "min": 0.002111,
            "med": 0.004584,
            "max": 4.660963,
            "p(90)": 0.015267
        },
        "http_reqs": {
            "count": 125457,
            "rate": 1393.4701463131125
        },
        "iteration_duration": {
            "med": 21.299349,
            "max": 443.730476,
            "p(90)": 57.508697,
            "p(95)": 71.14598575,
            "p(99)": 84.91477389999997,
            "avg": 29.927638108165343,
            "min": 8.928731
        },
        "vus": {
            "max": 50,
            "value": 1,
            "min": 1
        }
    }
}