{
    "root_group": {
        "name": "",
        "path": "",
        "id": "d41d8cd98f00b204e9800998ecf8427e",
        "groups": {},
        "checks": {
                "status 200": {
                    "name": "status 200",
                    "path": "::status 200",
                    "id": "fad9fa412b86fcb03bee97c80dcd61f1",
                    "passes": 186669,
                    "fails": 0
                }
            }
    },
    "metrics": {
        "http_req_connecting": {
            "med": 0,
            "max": 1030.595754,
            "p(90)": 0,
            "p(95)": 0,
            "p(99)": 0,
            "avg": 0.008748010274816517,
            "min": 0
        },
        "http_req_duration{expected_response:true}": {
            "avg": 20.046871564627587,
            "min": 8.925621,
            "med": 20.7357685,
            "max": 458.926419,
            "p(90)": 23.091491100000002,
            "p(95)": 24.6901721,
            "p(99)": 41.48987900999999
        },
        "iteration_duration": {
            "min": 8.98277,
            "med": 20.790582,
            "max": 1042.951869,
            "p(90)": 23.152438,
            "p(95)": 24.7571012,
            "p(99)": 41.64695908000019,
            "avg": 20.11294586466418
        },
        "vus": {
            "value": 1,
            "min": 1,
            "max": 50
        },
        "vus_max": {
            "value": 50,
            "min": 50,
            "max": 50
        },
        "http_req_failed": {
            "passes": 0,
            "fails": 186670,
            "thresholds": {
                "rate<0.05": false
            },
            "value": 0
        },
        "data_sent": {
            "count": 20160338,
            "rate": 223931.31361884793
        },
        "http_req_receiving": {
            "max": 6.128917,
            "p(90)": 0.022911,
            "p(95)": 0.027319549999999988,
            "p(99)": 0.053429169999999984,
            "avg": 0.016884721626399618,
            "min": 0.005572,
            "med": 0.014711
        },
        "http_reqs": {
            "count": 186670,
            "rate": 2073.440351705926
        },
        "http_req_blocked": {
            "p(95)": 0.002537,
            "p(99)": 0.006023309999999997,
            "avg": 0.010384868854128124,
            "min": 0.000724,
            "med": 0.001342,
            "max": 1030.630557,
            "p(90)": 0.002132
        },
        "iterations": {
            "count": 186669,
            "rate": 2073.4292441881043
        },
        "http_req_duration": {
            "p(99)": 41.48987900999999,
            "avg": 20.046871564627587,
            "min": 8.925621,
            "med": 20.7357685,
            "max": 458.926419,
            "p(90)": 23.091491100000002,
            "p(95)": 24.6901721,
            "thresholds": {
                "p(95)<5000": false,
                "p(99)<10000": false
            }
        },
        "http_req_tls_handshaking": {
            "avg": 0,
            "min": 0,
            "med": 0,
            "max": 0,
            "p(90)": 0,
            "p(95)": 0,
            "p(99)": 0
        },
        "server_compute_us": {
            "p(95)": 476,
            "p(99)": 932,
            "avg": 386.9713182156652,
            "min": 300,
            "med": 362,
            "max": 5970,
            "p(90)": 438
        },
        "http_req_sending": {
            "p(95)": 0.007838,
            "p(99)": 0.01675892999999999,
            "avg": 0.004865815294369779,
            "min": 0.002158,
            "med": 0.003957,
            "max": 1.387035,
            "p(90)": 0.00667
        },
        "data_received": {
            "count": 33228094,
            "rate": 369081.6462735178
        },
        "checks": {
            "passes": 186669,
            "fails": 0,
            "value": 1
        },
        "http_req_waiting": {
            "p(99)": 41.40568864999999,
            "avg": 20.025121027706962,
            "min": 8.909045,
            "med": 20.715593,
            "max": 458.899397,
            "p(90)": 23.0700829,
            "p(95)": 24.667430549999985
        }
    }
}