{
    "metrics": {
        "data_received": {
            "count": 52959970,
            "rate": 588213.4384532286
        },
        "http_req_failed": {
            "passes": 0,
            "fails": 292597,
            "thresholds": {
                "rate<0.05": false
            },
            "value": 0
        },
        "http_req_receiving": {
            "max": 6.471369,
            "p(90)": 0.022146,
            "p(95)": 0.02649,
            "p(99)": 0.05141963999999966,
            "avg": 0.01723551001548227,
            "min": 0.005391,
            "med": 0.015383
        },
        "http_reqs": {
            "count": 292597,
            "rate": 3249.8033411102633
        },
        "http_req_waiting": {
            "med": 11.575607,
            "max": 1732.444343,
            "p(90)": 14.6154408,
            "p(95)": 16.431649200000003,
            "p(99)": 24.750994039999938,
            "avg": 12.732951055232864,
            "min": 8.67814
        },
        "data_sent": {
            "count": 31600454,
            "rate": 350978.5164912873
        },
        "iterations": {
            "count": 292596,
            "rate": 3249.792234354756
        },
        "http_req_blocked": {
            "med": 0.001656,
            "max": 1069.165734,
            "p(90)": 0.002298,
            "p(95)": 0.002715,
            "p(99)": 0.006492,
            "avg": 0.010825909353137948,
            "min": 0.000727
        },
        "iteration_duration": {
            "p(90)": 14.709322,
            "p(95)": 16.53484575,
            "p(99)": 24.857937049999848,
            "avg": 12.829127890381429,
            "min": 8.743426,
            "med": 11.6609705,
            "max": 1732.50952
        },
        "http_req_duration": {
            "p(95)": 16.457970800000002,
            "p(99)": 24.77644987999999,
            "avg": 12.755694831799607,
            "min": 8.697663,
            "med": 11.597546,
            "max": 1732.459908,
            "p(90)": 14.639396400000003,
            "thresholds": {
                "p(95)<5000": false,
                "p(99)<10000": false
            }
        },
        "http_req_sending": {
            "avg": 0.005508266550921642,
            "min": 0.002195,
            "med": 0.004826,
            "max": 4.510602,
            "p(90)": 0.007024,
            "p(95)": 0.00817,
            "p(99)": 0.017428199999999894
        },
        "server_compute_us": {
            "min": 110,
            "med": 175,
            "max": 3411,
            "p(90)": 229,
            "p(95)": 295,
            "p(99)": 481,
            "avg": 188.96139728499364
        },
        "checks": {
            "passes": 292596,
            "fails": 0,
            "value": 1
        },
        "http_req_duration{expected_response:true}": {
            "avg": 12.755694831799607,
            "min": 8.697663,
            "med": 11.597546,
            "max": 1732.459908,
            "p(90)": 14.639396400000003,
            "p(95)": 16.457970800000002,
            "p(99)": 24.77644987999999
        },
        "vus": {
            "value": 1,
            "min": 1,
            "max": 50
        },
        "vus_max": {
            "value": 50,
            "min": 50,
            "max": 50
        },
        "http_req_connecting": {
            "p(95)": 0,
            "p(99)": 0,
            "avg": 0.008995026934657568,
            "min": 0,
            "med": 0,
            "max": 1069.126665,
            "p(90)": 0
        },
        "http_req_tls_handshaking": {
            "min": 0,
            "med": 0,
            "max": 0,
            "p(90)": 0,
            "p(95)": 0,
            "p(99)": 0,
            "avg": 0
        }
    },
    "root_group": {
        "name": "",
        "path": "",
        "id": "d41d8cd98f00b204e9800998ecf8427e",
        "groups": {},
        "checks": {
                "status 200": {
                    "name": "status 200",
                    "path": "::status 200",
                    "id": "fad9fa412b86fcb03bee97c80dcd61f1",
                    "passes": 292596,
                    "fails": 0
                }
            }
    }
}