{
    "metrics": {
        "http_req_failed": {
            "fails": 127751,
            "passes": 0,
            "thresholds": {
                "rate<0.05": false
            },
            "value": 0
        },
        "data_sent": {
            "rate": 153249.42418854072,
            "count": 13797086
        },
        "data_received": {
            "rate": 255415.0368358726,
            "count": 22995083
        },
        "http_req_duration": {
            "p(90)": 42.395258,
            "p(95)": 46.058117499999994,
            "p(99)": 55.928270999999995,
            "avg": 29.326187894341118,
            "min": 10.07796,
            "med": 29.456449,
            "max": 454.070333,
            "thresholds": {
                "p(95)<5000": false,
                "p(99)<10000": false
            }
        },
        "iteration_duration": {
            "med": 29.5173795,
            "max": 454.120571,
            "p(90)": 42.4616551,
            "p(95)": 46.1256002,
            "p(99)": 56.00938357999999,
            "avg": 29.391341904054794,
            "min": 10.12907
        },
        "iterations": {
            "count": 127750,
            "rate": 1418.9673051313937
        },
        "http_req_tls_handshaking": {
            "max": 0,
            "p(90)": 0,
            "p(95)": 0,
            "p(99)": 0,
            "avg": 0,
            "min": 0,
            "med": 0
        },
        "http_req_sending": {
            "avg": 0.005047488207528767,
            "min": 0.002097,
            "med": 0.004207,
            "max": 7.550834,
            "p(90)": 0.006805,
            "p(95)": 0.0081975,
            "p(99)": 0.019043
        },
        "vus_max": {
            "value": 50,
            "min": 50,
            "max": 50
        },
        "http_reqs": {
            "count": 127751,
            "rate": 1418.9784125075591
        },
        "vus": {
            "value": 1,
            "min": 1,
            "max": 50
        },
        "checks": {
            "passes": 127750,
            "fails": 0,
            "value": 1
        },
        "server_compute_us": {
            "min": 1049,
            "med": 1944,
            "max": 16750,
            "p(90)": 2131,
            "p(95)": 2458,
            "p(99)": 4515.509999999995,
            "avg": 2016.9974168297456
        },
        "http_req_receiving": {
            "p(99)": 0.062232499999999996,
            "avg": 0.01845529571588486,
            "min": 0.005695,
            "med": 0.015851,
            "max": 15.939865,
            "p(90)": 0.027082,
            "p(95)": 0.033269
        },
        "http_req_blocked": {
            "p(95)": 0.002564,
            "p(99)": 0.0061395,
            "avg": 0.005878540481091879,
            "min": 0.000707,
            "med": 0.001432,
            "max": 15.015942,
            "p(90)": 0.002204
        },
        "http_req_waiting": {
            "med": 29.433997,
            "max": 454.054232,
            "p(90)": 42.367535,
            "p(95)": 46.033054500000006,
            "p(99)": 55.8926645,
            "avg": 29.302685110417972,
            "min": 10.05956
        },
        "http_req_duration{expected_response:true}": {
            "med": 29.456449,
            "max": 454.070333,
            "p(90)": 42.395258,
            "p(95)": 46.058117499999994,
            "p(99)": 55.928270999999995,
            "avg": 29.326187894341118,
            "min": 10.07796
        },
        "http_req_connecting": {
            "min": 0,
            "med": 0,
            "max": 14.95081,
            "p(90)": 0,
            "p(95)": 0,
            "p(99)": 0,
            "avg": 0.00422203367488317
        }
    },
    "root_group": {
        "checks": {
            "status 200": {
                "name": "status 200",
                "path": "::status 200",
                "id": "fad9fa412b86fcb03bee97c80dcd61f1",
                "passes": 127750,
                "fails": 0
            }
        },
        "name": "",
        "path": "",
        "id": "d41d8cd98f00b204e9800998ecf8427e",
        "groups": {}
    }
}