{
    "metrics": {
        "http_req_duration": {
            "avg": 51.98526155897636,
            "min": 9.089169,
            "med": 50.8016,
            "max": 1105.408086,
            "p(90)": 80.3158851,
            "p(95)": 81.82406885,
            "p(99)": 86.93528242999997,
            "thresholds": {
                "p(95)<5000": false,
                "p(99)<10000": false
            }
        },
        "checks": {
            "passes": 72163,
            "fails": 0,
            "value": 1
        },
        "http_req_blocked": {
            "avg": 0.010361840100326874,
            "min": 0.000712,
            "med": 0.001642,
            "max": 17.034425,
            "p(90)": 0.005578700000000004,
            "p(95)": 0.006585849999999991,
            "p(99)": 0.009431329999999958
        },
        "http_req_receiving": {
            "min": 0.005994,
            "med": 0.0213115,
            "max": 3.997239,
            "p(90)": 0.06629170000000001,
            "p(95)": 0.07878969999999998,
            "p(99)": 0.10801768999999983,
            "avg": 0.031597577739593194
        },
        "iteration_duration": {
            "p(99)": 87.07863640000001,
            "avg": 52.089624214098805,
            "min": 9.199202,
            "med": 50.88566,
            "max": 1105.528606,
            "p(90)": 80.4346894,
            "p(95)": 81.94225209999999
        },
        "vus_max": {
            "value": 50,
            "min": 50,
            "max": 50
        },
        "http_req_failed": {
            "passes": 0,
            "fails": 72164,
            "thresholds": {
                "rate<0.05": false
            },
            "value": 0
        },
        "http_req_sending": {
            "p(95)": 0.021839949999999938,
            "p(99)": 0.03098954999999993,
            "avg": 0.008377617704118354,
            "min": 0.002137,
            "med": 0.00506,
            "max": 1.962034,
            "p(90)": 0.018937
        },
        "http_req_tls_handshaking": {
            "p(95)": 0,
            "p(99)": 0,
            "avg": 0,
            "min": 0,
            "med": 0,
            "max": 0,
            "p(90)": 0
        },
        "http_reqs": {
            "count": 72164,
            "rate": 801.4866339978636
        },
        "http_req_waiting": {
            "p(95)": 81.76323824999999,
            "p(99)": 86.87540050999999,
            "avg": 51.94528636353246,
            "min": 9.049472,
            "med": 50.770018500000006,
            "max": 1105.365383,
            "p(90)": 80.2570747
        },
        "data_sent": {
            "count": 7721526,
            "rate": 85758.82549563477
        },
        "data_received": {
            "count": 14073916,
            "rate": 156311.39573760706
        },
        "server_compute_us": {
            "max": 34392,
            "p(90)": 419,
            "p(95)": 499,
            "p(99)": 19504,
            "avg": 711.9345648046783,
            "min": 297,
            "med": 357
        },
        "iterations": {
            "count": 72163,
            "rate": 801.4755275371075
        },
        "vus": {
            "max": 50,
            "value": 1,
            "min": 1
        },
        "http_req_duration{expected_response:true}": {
            "p(95)": 81.82406885,
            "p(99)": 86.93528242999997,
            "avg": 51.98526155897636,
            "min": 9.089169,
            "med": 50.8016,
            "max": 1105.408086,
            "p(90)": 80.3158851
        },
        "http_req_connecting": {
            "max": 16.510038,
            "p(90)": 0,
            "p(95)": 0,
            "p(99)": 0,
            "avg": 0.007705634083476525,
            "min": 0,
            "med": 0
        }
    },
    "root_group": {
        "checks": {
            "status 200": {
                "name": "status 200",
                "path": "::status 200",
                "id": "fad9fa412b86fcb03bee97c80dcd61f1",
                "passes": 72163,
                "fails": 0
            }
        },
        "name": "",
        "path": "",
        "id": "d41d8cd98f00b204e9800998ecf8427e",
        "groups": {}
    }
}