{
    "metrics": {
        "http_req_duration": {
            "p(90)": 21.544794,
            "p(95)": 24.596404999999997,
            "p(99)": 34.16197609999999,
            "avg": 16.23124017667297,
            "min": 9.042984,
            "med": 15.065731,
            "max": 275.023759,
            "thresholds": {
                "p(95)<5000": false,
                "p(99)<10000": false
            }
        },
        "data_received": {
            "rate": 498088.99800998595,
            "count": 44841919
        },
        "http_req_sending": {
            "p(90)": 0.011998,
            "p(95)": 0.015433,
            "p(99)": 0.029541399999999905,
            "avg": 0.008150752073628632,
            "min": 0.002158,
            "med": 0.006003,
            "max": 11.358323
        },
        "data_sent": {
            "count": 23910722,
            "rate": 265592.2812463786
        },
        "checks": {
            "passes": 229910,
            "fails": 0,
            "value": 1
        },
        "iteration_duration": {
            "p(99)": 34.30143756000002,
            "avg": 16.326093632490945,
            "min": 9.082474,
            "med": 15.1537525,
            "max": 1033.692032,
            "p(90)": 21.6499338,
            "p(95)": 24.70471825
        },
        "http_req_blocked": {
            "p(95)": 0.005009,
            "p(99)": 0.009863899999999993,
            "avg": 0.010075804393874541,
            "min": 0.000706,
            "med": 0.002031,
            "max": 1016.460502,
            "p(90)": 0.003983
        },
        "server_compute_us": {
            "avg": 638.6661954677918,
            "min": 255,
            "med": 590,
            "max": 10464,
            "p(90)": 743,
            "p(95)": 880,
            "p(99)": 2300
        },
        "http_reqs": {
            "count": 229911,
            "rate": 2553.7742847596214
        },
        "http_req_duration{expected_response:true}": {
            "min": 9.042984,
            "med": 15.065731,
            "max": 275.023759,
            "p(90)": 21.544794,
            "p(95)": 24.596404999999997,
            "p(99)": 34.16197609999999,
            "avg": 16.23124017667297
        },
        "vus": {
            "max": 50,
            "value": 1,
            "min": 1
        },
        "vus_max": {
            "value": 50,
            "min": 50,
            "max": 50
        },
        "http_req_waiting": {
            "min": 9.026987,
            "med": 15.034591,
            "max": 274.998837,
            "p(90)": 21.502967,
            "p(95)": 24.554946,
            "p(99)": 34.055912699999965,
            "avg": 16.196158135039383
        },
        "iterations": {
            "count": 229910,
            "rate": 2553.763177094983
        },
        "http_req_failed": {
            "passes": 0,
            "fails": 229911,
            "thresholds": {
                "rate<0.05": false
            },
            "value": 0
        },
        "http_req_connecting": {
            "max": 1016.415453,
            "p(90)": 0,
            "p(95)": 0,
            "p(99)": 0,
            "avg": 0.007480830777996704,
            "min": 0,
            "med": 0
        },
        "http_req_receiving": {
            "min": 0.006041,
            "med": 0.020742,
            "max": 24.712982,
            "p(90)": 0.039337,
            "p(95)": 0.050129,
            "p(99)": 0.07946989999999994,
            "avg": 0.026931289559873783
        },
        "http_req_tls_handshaking": {
            "min": 0,
            "med": 0,
            "max": 0,
            "p(90)": 0,
            "p(95)": 0,
            "p(99)": 0,
            "avg": 0
        }
    },
    "root_group": {
        "checks": {
            "status 200": {
                "path": "::status 200",
                "id": "fad9fa412b86fcb03bee97c80dcd61f1",
                "passes": 229910,
                "fails": 0,
                "name": "status 200"
            }
        },
        "name": "",
        "path": "",
        "id": "d41d8cd98f00b204e9800998ecf8427e",
        "groups": {}
    }
}