{
    "root_group": {
        "name": "",
        "path": "",
        "id": "d41d8cd98f00b204e9800998ecf8427e",
        "groups": {},
        "checks": {
                "status 200": {
                    "name": "status 200",
                    "path": "::status 200",
                    "id": "fad9fa412b86fcb03bee97c80dcd61f1",
                    "passes": 28896,
                    "fails": 0
                }
            }
    },
    "metrics": {
        "http_req_failed": {
            "fails": 28897,
            "passes": 0,
            "thresholds": {
                "rate<0.05": false
            },
            "value": 0
        },
        "http_req_duration{expected_response:true}": {
            "med": 133.730186,
            "max": 249.479119,
            "p(90)": 180.915409,
            "p(95)": 184.23749180000002,
            "p(99)": 194.71015444000003,
            "avg": 129.82862028321287,
            "min": 9.798122
        },
        "http_req_waiting": {
            "min": 9.626176,
            "med": 133.686718,
            "max": 249.445228,
            "p(90)": 180.8548902,
            "p(95)": 184.1741926,
            "p(99)": 194.66003072,
            "avg": 129.77339870962388
        },
        "http_req_receiving": {
            "med": 0.035895,
            "max": 0.482296,
            "p(90)": 0.07901520000000001,
            "p(95)": 0.09099259999999998,
            "p(99)": 0.11129544000000004,
            "avg": 0.04332273761982186,
            "min": 0.007712
        },
        "http_req_blocked": {
            "med": 0.002555,
            "max": 12.704727,
            "p(90)": 0.006404,
            "p(95)": 0.007115,
            "p(99)": 0.011375240000000049,
            "avg": 0.022509205696093052,
            "min": 0.000747
        },
        "http_req_tls_handshaking": {
            "avg": 0,
            "min": 0,
            "med": 0,
            "max": 0,
            "p(90)": 0,
            "p(95)": 0,
            "p(99)": 0
        },
        "iterations": {
            "count": 28896,
            "rate": 320.9795161808138
        },
        "data_received": {
            "rate": 57784.57733530529,
            "count": 5202024
        },
        "http_req_connecting": {
            "med": 0,
            "max": 12.663507,
            "p(90)": 0,
            "p(95)": 0,
            "p(99)": 0,
            "avg": 0.018725142298508492,
            "min": 0
        },
        "checks": {
            "fails": 0,
            "passes": 28896,
            "value": 1
        },
        "vus_max": {
            "value": 50,
            "min": 50,
            "max": 50
        },
        "iteration_duration": {
            "p(95)": 184.38249,
            "p(99)": 194.84755535,
            "avg": 129.9838121012945,
            "min": 10.146399,
            "med": 133.8656455,
            "max": 249.545533,
            "p(90)": 181.039193
        },
        "vus": {
            "value": 1,
            "min": 1,
            "max": 50
        },
        "server_compute_us": {
            "avg": 2333.625276854928,
            "min": 1028,
            "med": 1142,
            "max": 48145,
            "p(90)": 1407,
            "p(95)": 1956.25,
            "p(99)": 45231.49999999999
        },
        "http_req_duration": {
            "p(99)": 194.71015444000003,
            "avg": 129.82862028321287,
            "min": 9.798122,
            "med": 133.730186,
            "max": 249.479119,
            "p(90)": 180.915409,
            "p(95)": 184.23749180000002,
            "thresholds": {
                "p(95)<5000": false,
                "p(99)<10000": false
            }
        },
        "http_req_sending": {
            "max": 0.284731,
            "p(90)": 0.022374,
            "p(95)": 0.024876199999999998,
            "p(99)": 0.03530584000000004,
            "avg": 0.01189883596913183,
            "min": 0.002228,
            "med": 0.008189
        },
        "data_sent": {
            "rate": 34345.752419431075,
            "count": 3091957
        },
        "http_reqs": {
            "count": 28897,
            "rate": 320.9906242759197
        }
    }
}