{
    "metrics": {
        "http_reqs": {
            "count": 113109,
            "rate": 1256.3458034976281
        },
        "http_req_tls_handshaking": {
            "min": 0,
            "med": 0,
            "max": 0,
            "p(90)": 0,
            "p(95)": 0,
            "p(99)": 0,
            "avg": 0
        },
        "checks": {
            "passes": 113108,
            "fails": 0,
            "value": 1
        },
        "http_req_connecting": {
            "p(95)": 0,
            "p(99)": 0,
            "avg": 0.0046352095677620695,
            "min": 0,
            "med": 0,
            "max": 12.572748,
            "p(90)": 0
        },
        "iteration_duration": {
            "min": 10.144237,
            "med": 33.211456,
            "max": 241.365119,
            "p(90)": 49.5883748,
            "p(95)": 54.6347069,
            "p(99)": 65.61062516999998,
            "avg": 33.19225755428434
        },
        "http_req_duration{expected_response:true}": {
            "avg": 33.05868256378379,
            "min": 10.060387,
            "med": 33.08502,
            "max": 241.245673,
            "p(90)": 49.4581832,
            "p(95)": 54.4943044,
            "p(99)": 65.46821139999999
        },
        "http_req_receiving": {
            "med": 0.03191,
            "max": 11.72547,
            "p(90)": 0.0588442,
            "p(95)": 0.067843,
            "p(99)": 0.09487267999999999,
            "avg": 0.038289207507802465,
            "min": 0.008037
        },
        "iterations": {
            "count": 113108,
            "rate": 1256.3346961073808
        },
        "vus": {
            "min": 1,
            "max": 50,
            "value": 1
        },
        "http_req_duration": {
            "avg": 33.05868256378379,
            "min": 10.060387,
            "med": 33.08502,
            "max": 241.245673,
            "p(90)": 49.4581832,
            "p(95)": 54.4943044,
            "p(99)": 65.46821139999999,
            "thresholds": {
                "p(95)<5000": false,
                "p(99)<10000": false
            }
        },
        "server_compute_us": {
            "p(90)": 2253,
            "p(95)": 3364,
            "p(99)": 4937,
            "avg": 2066.5866516957244,
            "min": 1017,
            "med": 1925,
            "max": 17106
        },
        "http_req_blocked": {
            "min": 0.001011,
            "med": 0.002937,
            "max": 12.723761,
            "p(90)": 0.005749199999999997,
            "p(95)": 0.006462,
            "p(99)": 0.017918919999999998,
            "avg": 0.008377609995667829
        },
        "data_sent": {
            "count": 11763314,
            "rate": 130659.71920116789
        },
        "http_req_waiting": {
            "p(90)": 49.41164559999999,
            "p(95)": 54.43981719999996,
            "p(99)": 65.40783703999999,
            "avg": 33.008438068261654,
            "min": 9.843831,
            "med": 33.035427,
            "max": 241.18673
        },
        "http_req_failed": {
            "passes": 0,
            "fails": 113109,
            "thresholds": {
                "rate<0.05": false
            },
            "value": 0
        },
        "http_req_sending": {
            "avg": 0.011955288014216437,
            "min": 0.003042,
            "med": 0.009206,
            "max": 4.421225,
            "p(90)": 0.018616,
            "p(95)": 0.022073599999999992,
            "p(99)": 0.04265059999999999
        },
        "data_received": {
            "rate": 226141.25607184105,
            "count": 20359531
        },
        "vus_max": {
            "value": 50,
            "min": 50,
            "max": 50
        }
    },
    "root_group": {
        "checks": {
            "status 200": {
                "id": "fad9fa412b86fcb03bee97c80dcd61f1",
                "passes": 113108,
                "fails": 0,
                "name": "status 200",
                "path": "::status 200"
            }
        },
        "name": "",
        "path": "",
        "id": "d41d8cd98f00b204e9800998ecf8427e",
        "groups": {}
    }
}