{
    "root_group": {
        "name": "",
        "path": "",
        "id": "d41d8cd98f00b204e9800998ecf8427e",
        "groups": {},
        "checks": {
                "status 200": {
                    "id": "fad9fa412b86fcb03bee97c80dcd61f1",
                    "passes": 46766,
                    "fails": 0,
                    "name": "status 200",
                    "path": "::status 200"
                }
            }
    },
    "metrics": {
        "server_compute_us": {
            "max": 53167,
            "p(90)": 1064,
            "p(95)": 1247.75,
            "p(99)": 26839.09999999804,
            "avg": 1097.6843219432922,
            "min": 356,
            "med": 430
        },
        "http_req_duration": {
            "p(90)": 114.79545180000001,
            "p(95)": 156.0280166,
            "p(99)": 182.92648673999997,
            "avg": 80.2054281694353,
            "min": 9.247857,
            "med": 89.542276,
            "max": 342.507202,
            "thresholds": {
                "p(95)<5000": false,
                "p(99)<10000": false
            }
        },
        "data_sent": {
            "count": 5097581,
            "rate": 56618.68483086858
        },
        "http_req_connecting": {
            "p(90)": 0,
            "p(95)": 0,
            "p(99)": 0,
            "avg": 0.012126522013385505,
            "min": 0,
            "med": 0,
            "max": 18.94363
        },
        "iteration_duration": {
            "avg": 80.31004897391335,
            "min": 9.280027,
            "med": 89.62276449999999,
            "max": 342.59449,
            "p(90)": 114.90078700000001,
            "p(95)": 156.18920375000002,
            "p(99)": 183.03153034999997
        },
        "http_req_failed": {
            "passes": 0,
            "fails": 46767,
            "thresholds": {
                "rate<0.05": false
            },
            "value": 0
        },
        "checks": {
            "passes": 46766,
            "fails": 0,
            "value": 1
        },
        "data_received": {
            "count": 9126167,
            "rate": 101364.07309405645
        },
        "vus_max": {
            "value": 50,
            "min": 50,
            "max": 50
        },
        "http_req_waiting": {
            "med": 89.50693,
            "max": 342.467929,
            "p(90)": 114.7526262,
            "p(95)": 155.9746449,
            "p(99)": 182.8686333999999,
            "avg": 80.16730667889762,
            "min": 9.236559
        },
        "http_req_blocked": {
            "p(99)": 0.008691759999999951,
            "avg": 0.014642022815232941,
            "min": 0.00071,
            "med": 0.001614,
            "max": 19.04752,
            "p(90)": 0.005351,
            "p(95)": 0.006365
        },
        "http_reqs": {
            "count": 46767,
            "rate": 519.4397172865387
        },
        "http_req_sending": {
            "p(90)": 0.018713800000000003,
            "p(95)": 0.021673,
            "p(99)": 0.02835001999999999,
            "avg": 0.0077791619945687795,
            "min": 0.002118,
            "med": 0.004962,
            "max": 0.892022
        },
        "http_req_tls_handshaking": {
            "med": 0,
            "max": 0,
            "p(90)": 0,
            "p(95)": 0,
            "p(99)": 0,
            "avg": 0,
            "min": 0
        },
        "http_req_receiving": {
            "med": 0.021128,
            "max": 1.201221,
            "p(90)": 0.065677,
            "p(95)": 0.079627,
            "p(99)": 0.10591627999999985,
            "avg": 0.030342328543631183,
            "min": 0.006304
        },
        "vus": {
            "value": 1,
            "min": 1,
            "max": 50
        },
        "http_req_duration{expected_response:true}": {
            "p(90)": 114.79545180000001,
            "p(95)": 156.0280166,
            "p(99)": 182.92648673999997,
            "avg": 80.2054281694353,
            "min": 9.247857,
            "med": 89.542276,
            "max": 342.507202
        },
        "iterations": {
            "count": 46766,
            "rate": 519.4286103154418
        }
    }
}