{
    "root_group": {
        "path": "",
        "id": "d41d8cd98f00b204e9800998ecf8427e",
        "groups": {},
        "checks": {
                "status 200": {
                    "fails": 0,
                    "name": "status 200",
                    "path": "::status 200",
                    "id": "fad9fa412b86fcb03bee97c80dcd61f1",
                    "passes": 18210
                }
            },
        "name": ""
    },
    "metrics": {
        "http_req_duration{expected_response:true}": {
            "p(99)": 464.6526547,
            "avg": 206.2152514529136,
            "min": 10.741672,
            "med": 200.504745,
            "max": 541.576438,
            "p(90)": 346.250357,
            "p(95)": 404.73134400000004
        },
        "http_req_connecting": {
            "med": 0,
            "max": 16.20811,
            "p(90)": 0,
            "p(95)": 0,
            "p(99)": 0,
            "avg": 0.030136796276975453,
            "min": 0
        },
        "iterations": {
            "count": 18210,
            "rate": 202.26089570154582
        },
        "http_req_waiting": {
            "p(90)": 346.189439,
            "p(95)": 404.66434649999997,
            "p(99)": 464.62784180000006,
            "avg": 206.14797156323124,
            "min": 10.672407,
            "med": 200.442622,
            "max": 541.390752
        },
        "iteration_duration": {
            "max": 553.089118,
            "p(90)": 346.3728906000001,
            "p(95)": 404.9472495,
            "p(99)": 465.18439255999994,
            "avg": 206.41239700345955,
            "min": 10.815306,
            "med": 200.66427950000002
        },
        "http_req_receiving": {
            "max": 0.729074,
            "p(90)": 0.095109,
            "p(95)": 0.104784,
            "p(99)": 0.12574980000000027,
            "avg": 0.05294255153478652,
            "min": 0.007725,
            "med": 0.0553
        },
        "data_received": {
            "count": 3279223,
            "rate": 36422.76667683197
        },
        "vus": {
            "value": 1,
            "min": 1,
            "max": 50
        },
        "http_req_duration": {
            "med": 200.504745,
            "max": 541.576438,
            "p(90)": 346.250357,
            "p(95)": 404.73134400000004,
            "p(99)": 464.6526547,
            "avg": 206.2152514529136,
            "min": 10.741672,
            "thresholds": {
                "p(95)<5000": false,
                "p(99)<10000": false
            }
        },
        "http_reqs": {
            "count": 18211,
            "rate": 202.27200283475293
        },
        "server_compute_us": {
            "p(95)": 25433.249999999945,
            "p(99)": 31270,
            "avg": 3772.930367929709,
            "min": 1317,
            "med": 1471,
            "max": 37957,
            "p(90)": 4212
        },
        "http_req_tls_handshaking": {
            "min": 0,
            "med": 0,
            "max": 0,
            "p(90)": 0,
            "p(95)": 0,
            "p(99)": 0,
            "avg": 0
        },
        "checks": {
            "passes": 18210,
            "fails": 0,
            "value": 1
        },
        "vus_max": {
            "value": 50,
            "min": 50,
            "max": 50
        },
        "http_req_blocked": {
            "p(99)": 0.01475460000000031,
            "avg": 0.03457847119872565,
            "min": 0.000777,
            "med": 0.004588,
            "max": 16.317056,
            "p(90)": 0.00692,
            "p(95)": 0.007921
        },
        "http_req_sending": {
            "p(99)": 0.04251850000000005,
            "avg": 0.014337338147273634,
            "min": 0.002363,
            "med": 0.014667,
            "max": 0.794229,
            "p(90)": 0.024782,
            "p(95)": 0.0274195
        },
        "data_sent": {
            "count": 1984977,
            "rate": 22047.403952057513
        },
        "http_req_failed": {
            "passes": 0,
            "fails": 18211,
            "thresholds": {
                "rate<0.05": false
            },
            "value": 0
        }
    }
}