{
    "metrics": {
        "iteration_duration": {
            "avg": 13.633385592193235,
            "min": 9.147867,
            "med": 12.857362,
            "max": 1022.631268,
            "p(90)": 16.281857,
            "p(95)": 18.09931,
            "p(99)": 23.371271000000206
        },
        "http_req_receiving": {
            "med": 0.015587,
            "max": 4.194896,
            "p(90)": 0.02256,
            "p(95)": 0.026689,
            "p(99)": 0.04722007000000018,
            "avg": 0.017298713740457473,
            "min": 0.005934
        },
        "http_req_sending": {
            "min": 0.002175,
            "med": 0.004445,
            "max": 3.996536,
            "p(90)": 0.006676,
            "p(95)": 0.007649,
            "p(99)": 0.01508595000000007,
            "avg": 0.005055572795084279
        },
        "server_compute_us": {
            "min": 293,
            "med": 572,
            "max": 14753,
            "p(90)": 688,
            "p(95)": 780,
            "p(99)": 1529,
            "avg": 598.623076615788
        },
        "vus": {
            "max": 50,
            "value": 1,
            "min": 1
        },
        "http_req_duration{expected_response:true}": {
            "avg": 13.568112898290362,
            "min": 9.111463,
            "med": 12.797232000000001,
            "max": 438.094087,
            "p(90)": 16.2170527,
            "p(95)": 18.02677679999999,
            "p(99)": 23.269899080000002
        },
        "http_req_blocked": {
            "med": 0.001509,
            "max": 1011.209994,
            "p(90)": 0.002182,
            "p(95)": 0.00257,
            "p(99)": 0.005593,
            "avg": 0.007479948743835654,
            "min": 0.000741
        },
        "http_req_failed": {
            "passes": 0,
            "fails": 275362,
            "thresholds": {
                "rate<0.05": false
            },
            "value": 0
        },
        "data_sent": {
            "count": 29739074,
            "rate": 330286.5759021718
        },
        "vus_max": {
            "value": 50,
            "min": 50,
            "max": 50
        },
        "http_req_waiting": {
            "min": 9.097998,
            "med": 12.775111500000001,
            "max": 438.054312,
            "p(90)": 16.1932776,
            "p(95)": 18.003434099999996,
            "p(99)": 23.245480040000018,
            "avg": 13.545758611754662
        },
        "data_received": {
            "count": 53703377,
            "rate": 596437.6867858578
        },
        "iterations": {
            "count": 275361,
            "rate": 3058.2001923462017
        },
        "http_req_connecting": {
            "avg": 0.005756981700452494,
            "min": 0,
            "med": 0,
            "max": 1011.168017,
            "p(90)": 0,
            "p(95)": 0,
            "p(99)": 0
        },
        "http_req_tls_handshaking": {
            "max": 0,
            "p(90)": 0,
            "p(95)": 0,
            "p(99)": 0,
            "avg": 0,
            "min": 0,
            "med": 0
        },
        "http_req_duration": {
            "min": 9.111463,
            "med": 12.797232000000001,
            "max": 438.094087,
            "p(90)": 16.2170527,
            "p(95)": 18.02677679999999,
            "p(99)": 23.269899080000002,
            "avg": 13.568112898290362,
            "thresholds": {
                "p(95)<5000": false,
                "p(99)<10000": false
            }
        },
        "checks": {
            "passes": 275361,
            "fails": 0,
            "value": 1
        },
        "http_reqs": {
            "count": 275362,
            "rate": 3058.21129849483
        }
    },
    "root_group": {
        "path": "",
        "id": "d41d8cd98f00b204e9800998ecf8427e",
        "groups": {},
        "checks": {
                "status 200": {
                    "id": "fad9fa412b86fcb03bee97c80dcd61f1",
                    "passes": 275361,
                    "fails": 0,
                    "name": "status 200",
                    "path": "::status 200"
                }
            },
        "name": ""
    }
}