{
    "metrics": {
        "vus_max": {
            "value": 20,
            "min": 20,
            "max": 20
        },
        "data_sent": {
            "count": 828296782,
            "rate": 18386057.318296757
        },
        "data_received": {
            "count": 2271575,
            "rate": 50423.12014295615
        },
        "iterations": {
            "count": 7700,
            "rate": 170.9201875794382
        },
        "iteration_duration": {
            "min": 15.421728,
            "med": 91.361485,
            "max": 2331.397973,
            "p(90)": 150.2402978,
            "p(95)": 187.1453642,
            "p(99)": 363.14801316000074,
            "avg": 97.84464245220776
        },
        "http_req_blocked": {
            "med": 0.005403,
            "max": 2134.144475,
            "p(90)": 0.008025,
            "p(95)": 0.010133,
            "p(99)": 0.03201,
            "avg": 0.7725754368263846,
            "min": 0.001676
        },
        "vus": {
            "value": 1,
            "min": 1,
            "max": 20
        },
        "http_req_duration{expected_response:true}": {
            "max": 736.082608,
            "p(90)": 149.86897,
            "p(95)": 185.545618,
            "p(99)": 352.086957,
            "avg": 96.76681956642011,
            "min": 10.23071,
            "med": 91.04148
        },
        "server_jsontx_us": {
            "avg": 197.71194805194804,
            "min": 158,
            "med": 186,
            "max": 635,
            "p(90)": 248,
            "p(95)": 269,
            "p(99)": 326.0100000000002
        },
        "http_req_failed": {
            "passes": 0,
            "fails": 7701,
            "thresholds": {
                "rate<0.05": false
            },
            "value": 0
        },
        "http_req_sending": {
            "med": 0.162122,
            "max": 50.679854,
            "p(90)": 0.222803,
            "p(95)": 0.24882,
            "p(99)": 0.373435,
            "avg": 0.22812870159719553,
            "min": 0.05725
        },
        "http_req_tls_handshaking": {
            "p(99)": 0,
            "avg": 0,
            "min": 0,
            "med": 0,
            "max": 0,
            "p(90)": 0,
            "p(95)": 0
        },
        "http_req_duration": {
            "max": 736.082608,
            "p(90)": 149.86897,
            "p(95)": 185.545618,
            "p(99)": 352.086957,
            "avg": 96.76681956642011,
            "min": 10.23071,
            "med": 91.04148,
            "thresholds": {
                "p(95)<10000": false,
                "p(99)<20000": false
            }
        },
        "http_reqs": {
            "count": 7701,
            "rate": 170.94238500639656
        },
        "http_req_connecting": {
            "min": 0,
            "med": 0,
            "max": 2134.081946,
            "p(90)": 0,
            "p(95)": 0,
            "p(99)": 0,
            "avg": 0.7660288006752369
        },
        "http_req_waiting": {
            "med": 90.806856,
            "max": 735.857622,
            "p(90)": 149.597194,
            "p(95)": 184.544824,
            "p(99)": 351.873279,
            "avg": 96.46905261771212,
            "min": 9.928873
        },
        "http_req_receiving": {
            "p(95)": 0.11105,
            "p(99)": 0.144233,
            "avg": 0.0696382471107649,
            "min": 0.015905,
            "med": 0.063599,
            "max": 1.740797,
            "p(90)": 0.096905
        },
        "checks": {
            "fails": 0,
            "passes": 7700,
            "value": 1
        }
    },
    "root_group": {
        "name": "",
        "path": "",
        "id": "d41d8cd98f00b204e9800998ecf8427e",
        "groups": {},
        "checks": {
                "status 200": {
                    "id": "fad9fa412b86fcb03bee97c80dcd61f1",
                    "passes": 7700,
                    "fails": 0,
                    "name": "status 200",
                    "path": "::status 200"
                }
            }
    }
}