{
    "root_group": {
        "groups": {},
        "checks": {
                "status 200": {
                    "passes": 64573,
                    "fails": 0,
                    "name": "status 200",
                    "path": "::status 200",
                    "id": "fad9fa412b86fcb03bee97c80dcd61f1"
                }
            },
        "name": "",
        "path": "",
        "id": "d41d8cd98f00b204e9800998ecf8427e"
    },
    "metrics": {
        "data_sent": {
            "rate": 1762518.2400795233,
            "count": 79360299
        },
        "server_jsontx_us": {
            "p(95)": 5,
            "p(99)": 9,
            "avg": 2.8645099344927445,
            "min": 1,
            "med": 2,
            "max": 848,
            "p(90)": 4
        },
        "http_req_duration{expected_response:true}": {
            "p(90)": 11.322165600000003,
            "p(95)": 11.903023899999997,
            "p(99)": 17.980565539999983,
            "avg": 11.48861136215809,
            "min": 8.519321,
            "med": 10.0630955,
            "max": 439.64999
        },
        "http_req_duration": {
            "max": 439.64999,
            "p(90)": 11.322165600000003,
            "p(95)": 11.903023899999997,
            "p(99)": 17.980565539999983,
            "avg": 11.48861136215809,
            "min": 8.519321,
            "med": 10.0630955,
            "thresholds": {
                "p(95)<10000": false,
                "p(99)<20000": false
            }
        },
        "http_reqs": {
            "count": 64574,
            "rate": 1434.1283269975474
        },
        "http_req_receiving": {
            "p(99)": 0.11557201999999991,
            "avg": 0.03777999281444526,
            "min": 0.008056,
            "med": 0.029453,
            "max": 7.005903,
            "p(90)": 0.06019050000000002,
            "p(95)": 0.07104505
        },
        "vus_max": {
            "max": 20,
            "value": 20,
            "min": 20
        },
        "http_req_failed": {
            "passes": 0,
            "fails": 64574,
            "thresholds": {
                "rate<0.05": false
            },
            "value": 0
        },
        "vus": {
            "value": 1,
            "min": 1,
            "max": 20
        },
        "data_received": {
            "count": 18791457,
            "rate": 417340.7375918536
        },
        "iteration_duration": {
            "p(99)": 18.375560639999996,
            "avg": 11.648897169467084,
            "min": 8.60702,
            "med": 10.21937,
            "max": 439.939304,
            "p(90)": 11.5040024,
            "p(95)": 12.1130608
        },
        "http_req_tls_handshaking": {
            "max": 0,
            "p(90)": 0,
            "p(95)": 0,
            "p(99)": 0,
            "avg": 0,
            "min": 0,
            "med": 0
        },
        "http_req_sending": {
            "avg": 0.01595913613838398,
            "min": 0.003908,
            "med": 0.011385,
            "max": 11.357126,
            "p(90)": 0.024572700000000006,
            "p(95)": 0.030073049999999997,
            "p(99)": 0.0615803699999999
        },
        "http_req_blocked": {
            "avg": 0.007307005141388132,
            "min": 0.001003,
            "med": 0.0029515,
            "max": 13.213051,
            "p(90)": 0.006055,
            "p(95)": 0.006881349999999999,
            "p(99)": 0.01338880999999999
        },
        "http_req_waiting": {
            "p(90)": 11.263295500000002,
            "p(95)": 11.84336645,
            "p(99)": 17.905629999999963,
            "avg": 11.434872233205335,
            "min": 8.494705,
            "med": 10.011033000000001,
            "max": 439.539467
        },
        "checks": {
            "passes": 64573,
            "fails": 0,
            "value": 1
        },
        "iterations": {
            "count": 64573,
            "rate": 1434.1061179300127
        },
        "http_req_connecting": {
            "min": 0,
            "med": 0,
            "max": 13.117842,
            "p(90)": 0,
            "p(95)": 0,
            "p(99)": 0,
            "avg": 0.0033980174373586898
        }
    }
}