{
    "root_group": {
        "groups": {},
        "checks": {
                "status 200": {
                    "id": "fad9fa412b86fcb03bee97c80dcd61f1",
                    "passes": 62413,
                    "fails": 0,
                    "name": "status 200",
                    "path": "::status 200"
                }
            },
        "name": "",
        "path": "",
        "id": "d41d8cd98f00b204e9800998ecf8427e"
    },
    "metrics": {
        "http_req_failed": {
            "fails": 62414,
            "passes": 0,
            "thresholds": {
                "rate<0.05": false
            },
            "value": 0
        },
        "http_req_blocked": {
            "max": 13.311765,
            "p(90)": 0.006198,
            "p(95)": 0.007020349999999999,
            "p(99)": 0.015605350000000013,
            "avg": 0.007667905966610088,
            "min": 0.00101,
            "med": 0.003281
        },
        "vus": {
            "value": 1,
            "min": 1,
            "max": 20
        },
        "iterations": {
            "count": 62413,
            "rate": 1385.9604170038888
        },
        "vus_max": {
            "value": 20,
            "min": 20,
            "max": 20
        },
        "data_sent": {
            "count": 76705659,
            "rate": 1703347.1734125598
        },
        "http_req_tls_handshaking": {
            "med": 0,
            "max": 0,
            "p(90)": 0,
            "p(95)": 0,
            "p(99)": 0,
            "avg": 0,
            "min": 0
        },
        "http_req_waiting": {
            "med": 9.899452,
            "max": 904.718975,
            "p(90)": 11.0740497,
            "p(95)": 11.62506705,
            "p(99)": 17.874513440000015,
            "avg": 11.824522985868438,
            "min": 8.426171
        },
        "checks": {
            "fails": 0,
            "passes": 62413,
            "value": 1
        },
        "data_received": {
            "count": 17975217,
            "rate": 399162.6624109623
        },
        "http_req_duration{expected_response:true}": {
            "avg": 11.881415817524728,
            "min": 8.448916,
            "med": 9.954318,
            "max": 904.778493,
            "p(90)": 11.140224300000002,
            "p(95)": 11.69364645,
            "p(99)": 17.96152002000002
        },
        "http_req_receiving": {
            "p(99)": 0.11745074000000026,
            "avg": 0.04039660789245976,
            "min": 0.007327,
            "med": 0.032544500000000004,
            "max": 7.974361,
            "p(90)": 0.06165470000000001,
            "p(95)": 0.07346614999999998
        },
        "iteration_duration": {
            "avg": 12.050517840161383,
            "min": 8.52356,
            "med": 10.11694,
            "max": 904.925559,
            "p(90)": 11.335052000000001,
            "p(95)": 11.906290199999999,
            "p(99)": 18.64618391999989
        },
        "http_req_sending": {
            "min": 0.003958,
            "med": 0.012932,
            "max": 2.713491,
            "p(90)": 0.025225700000000004,
            "p(95)": 0.0312797,
            "p(99)": 0.06430297000000008,
            "avg": 0.016496223763899063
        },
        "server_jsontx_us": {
            "max": 96,
            "p(90)": 2,
            "p(95)": 2,
            "p(99)": 4,
            "avg": 0.8705237690865685,
            "min": 0,
            "med": 1
        },
        "http_req_connecting": {
            "max": 13.204281,
            "p(90)": 0,
            "p(95)": 0,
            "p(99)": 0,
            "avg": 0.0035541404973243188,
            "min": 0,
            "med": 0
        },
        "http_req_duration": {
            "med": 9.954318,
            "max": 904.778493,
            "p(90)": 11.140224300000002,
            "p(95)": 11.69364645,
            "p(99)": 17.96152002000002,
            "avg": 11.881415817524728,
            "min": 8.448916,
            "thresholds": {
                "p(95)<10000": false,
                "p(99)<20000": false
            }
        },
        "http_reqs": {
            "count": 62414,
            "rate": 1385.9826232816995
        }
    }
}