{
    "root_group": {
        "path": "",
        "id": "d41d8cd98f00b204e9800998ecf8427e",
        "groups": {},
        "checks": {
                "status 200": {
                    "name": "status 200",
                    "path": "::status 200",
                    "id": "fad9fa412b86fcb03bee97c80dcd61f1",
                    "passes": 55317,
                    "fails": 0
                }
            },
        "name": ""
    },
    "metrics": {
        "http_req_receiving": {
            "max": 11.065776,
            "p(90)": 0.05828550000000002,
            "p(95)": 0.06917915,
            "p(99)": 0.11449332000000018,
            "avg": 0.03756308982609596,
            "min": 0.00826,
            "med": 0.027315
        },
        "data_sent": {
            "count": 602900065,
            "rate": 13389580.23119105
        },
        "http_req_sending": {
            "p(90)": 0.108672,
            "p(95)": 0.13306,
            "p(99)": 0.19960804000000035,
            "avg": 0.06307527011099484,
            "min": 0.018772,
            "med": 0.046901,
            "max": 13.738733
        },
        "http_req_tls_handshaking": {
            "avg": 0,
            "min": 0,
            "med": 0,
            "max": 0,
            "p(90)": 0,
            "p(95)": 0,
            "p(99)": 0
        },
        "http_req_connecting": {
            "med": 0,
            "max": 13.797721,
            "p(90)": 0,
            "p(95)": 0,
            "p(99)": 0,
            "avg": 0.004065676452510937,
            "min": 0
        },
        "iteration_duration": {
            "p(95)": 16.511826,
            "p(99)": 28.644117639999948,
            "avg": 13.610902288464732,
            "min": 8.976926,
            "med": 12.218592,
            "max": 7125.484906,
            "p(90)": 14.8407566
        },
        "vus_max": {
            "value": 20,
            "min": 20,
            "max": 20
        },
        "iterations": {
            "count": 55317,
            "rate": 1228.5143967413494
        },
        "vus": {
            "value": 1,
            "min": 1,
            "max": 20
        },
        "checks": {
            "passes": 55317,
            "fails": 0,
            "value": 1
        },
        "http_req_failed": {
            "passes": 0,
            "fails": 55318,
            "thresholds": {
                "rate<0.05": false
            },
            "value": 0
        },
        "http_reqs": {
            "count": 55318,
            "rate": 1228.536605364318
        },
        "http_req_waiting": {
            "avg": 13.356150310712598,
            "min": 5.292839,
            "med": 11.9892075,
            "max": 7125.031549,
            "p(90)": 14.5282802,
            "p(95)": 16.137613349999988,
            "p(99)": 28.185334720000082
        },
        "server_jsontx_us": {
            "avg": 12.186832257714627,
            "min": 8,
            "med": 10,
            "max": 132,
            "p(90)": 16,
            "p(95)": 23,
            "p(99)": 40
        },
        "http_req_duration": {
            "avg": 13.456788670649798,
            "min": 8.876052,
            "med": 12.079621,
            "max": 7125.221823,
            "p(90)": 14.6493134,
            "p(95)": 16.276856499999994,
            "p(99)": 28.39776180000011,
            "thresholds": {
                "p(95)<10000": false,
                "p(99)<20000": false
            }
        },
        "http_req_duration{expected_response:true}": {
            "p(99)": 28.39776180000011,
            "avg": 13.456788670649798,
            "min": 8.876052,
            "med": 12.079621,
            "max": 7125.221823,
            "p(90)": 14.6493134,
            "p(95)": 16.276856499999994
        },
        "data_received": {
            "count": 16079448,
            "rate": 357102.39817151864
        },
        "http_req_blocked": {
            "med": 0.0026635,
            "max": 13.874132,
            "p(90)": 0.005843,
            "p(95)": 0.006691,
            "p(99)": 0.012116450000000025,
            "avg": 0.0076804364944503215,
            "min": 0.001133
        }
    }
}