{
    "metrics": {
        "http_req_duration": {
            "avg": 12.91023499382881,
            "min": 9.008432,
            "med": 12.273212,
            "max": 1674.163179,
            "p(90)": 14.589898000000003,
            "p(95)": 15.721662599999997,
            "p(99)": 19.44742249999999,
            "thresholds": {
                "p(95)<10000": false,
                "p(99)<20000": false
            }
        },
        "iteration_duration": {
            "p(90)": 14.743881199999999,
            "p(95)": 15.903865849999999,
            "p(99)": 19.774927779999995,
            "avg": 13.110326358320812,
            "min": 9.117338,
            "med": 12.3961945,
            "max": 1675.703753
        },
        "checks": {
            "passes": 57362,
            "fails": 0,
            "value": 1
        },
        "server_jsontx_us": {
            "p(95)": 58,
            "p(99)": 88,
            "avg": 33.446009553362856,
            "min": 25,
            "med": 28,
            "max": 1751,
            "p(90)": 46
        },
        "vus": {
            "value": 1,
            "min": 1,
            "max": 20
        },
        "data_received": {
            "count": 16864834,
            "rate": 374515.3303048714
        },
        "iterations": {
            "count": 57362,
            "rate": 1273.8310010610262
        },
        "http_req_sending": {
            "min": 0.019538,
            "med": 0.041312,
            "max": 8.778241,
            "p(90)": 0.09242180000000001,
            "p(95)": 0.11389389999999994,
            "p(99)": 0.18177055999999997,
            "avg": 0.053990064989626836
        },
        "http_reqs": {
            "count": 57363,
            "rate": 1273.8532079401632
        },
        "http_req_duration{expected_response:true}": {
            "p(90)": 14.589898000000003,
            "p(95)": 15.721662599999997,
            "p(99)": 19.44742249999999,
            "avg": 12.91023499382881,
            "min": 9.008432,
            "med": 12.273212,
            "max": 1674.163179
        },
        "http_req_failed": {
            "passes": 0,
            "fails": 57363,
            "thresholds": {
                "rate<0.05": false
            },
            "value": 0
        },
        "http_req_connecting": {
            "p(90)": 0,
            "p(95)": 0,
            "p(99)": 0,
            "avg": 0.06312296047975176,
            "min": 0,
            "med": 0,
            "max": 1645.980613
        },
        "http_req_waiting": {
            "p(90)": 14.4949696,
            "p(95)": 15.6187109,
            "p(99)": 19.2863879,
            "avg": 12.821624050729596,
            "min": 8.890681,
            "med": 12.194585,
            "max": 1674.068517
        },
        "vus_max": {
            "value": 20,
            "min": 20,
            "max": 20
        },
        "data_sent": {
            "count": 625188520,
            "rate": 13883485.901528213
        },
        "http_req_blocked": {
            "max": 1646.071314,
            "p(90)": 0.005227,
            "p(95)": 0.006219,
            "p(99)": 0.010901419999999976,
            "avg": 0.06637675320328511,
            "min": 0.001061,
            "med": 0.002382
        },
        "http_req_tls_handshaking": {
            "max": 0,
            "p(90)": 0,
            "p(95)": 0,
            "p(99)": 0,
            "avg": 0,
            "min": 0,
            "med": 0
        },
        "http_req_receiving": {
            "avg": 0.034620878109582996,
            "min": 0.007298,
            "med": 0.02531,
            "max": 17.763128,
            "p(90)": 0.052968200000000014,
            "p(95)": 0.06313939999999997,
            "p(99)": 0.11247627999999998
        }
    },
    "root_group": {
        "groups": {},
        "checks": {
                "status 200": {
                    "path": "::status 200",
                    "id": "fad9fa412b86fcb03bee97c80dcd61f1",
                    "passes": 57362,
                    "fails": 0,
                    "name": "status 200"
                }
            },
        "name": "",
        "path": "",
        "id": "d41d8cd98f00b204e9800998ecf8427e"
    }
}