{
    "root_group": {
        "checks": {
            "status 200": {
                "name": "status 200",
                "path": "::status 200",
                "id": "fad9fa412b86fcb03bee97c80dcd61f1",
                "passes": 7719,
                "fails": 0
            }
        },
        "name": "",
        "path": "",
        "id": "d41d8cd98f00b204e9800998ecf8427e",
        "groups": {}
    },
    "metrics": {
        "iteration_duration": {
            "avg": 97.53172562585826,
            "min": 16.667596,
            "med": 94.120153,
            "max": 666.740676,
            "p(90)": 149.122219,
            "p(95)": 181.5531071999999,
            "p(99)": 347.5892862399991
        },
        "data_received": {
            "count": 2304358,
            "rate": 51156.011515239734
        },
        "vus": {
            "min": 1,
            "max": 20,
            "value": 1
        },
        "http_reqs": {
            "count": 7720,
            "rate": 171.38153398805687
        },
        "http_req_receiving": {
            "med": 0.0627865,
            "max": 1.823108,
            "p(90)": 0.09730180000000002,
            "p(95)": 0.10982574999999983,
            "p(99)": 0.1455455299999996,
            "avg": 0.06938673199481897,
            "min": 0.017652
        },
        "http_req_duration{expected_response:true}": {
            "p(95)": 180.6194268499998,
            "p(99)": 344.72789364999943,
            "avg": 97.11064370932648,
            "min": 9.853804,
            "med": 93.79874000000001,
            "max": 666.424549,
            "p(90)": 148.7892777
        },
        "vus_max": {
            "value": 20,
            "min": 20,
            "max": 20
        },
        "iterations": {
            "count": 7719,
            "rate": 171.35933430748847
        },
        "http_req_failed": {
            "passes": 0,
            "fails": 7720,
            "thresholds": {
                "rate<0.05": false
            },
            "value": 0
        },
        "http_req_sending": {
            "med": 0.1623955,
            "max": 57.23474,
            "p(90)": 0.2234132,
            "p(95)": 0.24881829999999996,
            "p(99)": 0.34713873999999795,
            "avg": 0.23228742694300522,
            "min": 0.057677
        },
        "http_req_waiting": {
            "avg": 96.80896955038885,
            "min": 9.579725,
            "med": 93.563894,
            "max": 666.13904,
            "p(90)": 148.50564480000003,
            "p(95)": 180.3475933999998,
            "p(99)": 344.5177170499995
        },
        "server_jsontx_us": {
            "p(90)": 1158,
            "p(95)": 1204,
            "p(99)": 1363.6399999999994,
            "avg": 1031.7655136675735,
            "min": 915,
            "med": 1003,
            "max": 3706
        },
        "data_sent": {
            "count": 830340631,
            "rate": 18433296.77116465
        },
        "http_req_connecting": {
            "max": 201.670191,
            "p(90)": 0,
            "p(95)": 0,
            "p(99)": 0,
            "avg": 0.10995763031088082,
            "min": 0,
            "med": 0
        },
        "http_req_duration": {
            "med": 93.79874000000001,
            "max": 666.424549,
            "p(90)": 148.7892777,
            "p(95)": 180.6194268499998,
            "p(99)": 344.72789364999943,
            "avg": 97.11064370932648,
            "min": 9.853804,
            "thresholds": {
                "p(95)<10000": false,
                "p(99)<20000": false
            }
        },
        "http_req_blocked": {
            "med": 0.005371,
            "max": 201.759574,
            "p(90)": 0.0079141,
            "p(95)": 0.009957249999999997,
            "p(99)": 0.03161395999999999,
            "avg": 0.11678414015544056,
            "min": 0.001798
        },
        "http_req_tls_handshaking": {
            "med": 0,
            "max": 0,
            "p(90)": 0,
            "p(95)": 0,
            "p(99)": 0,
            "avg": 0,
            "min": 0
        },
        "checks": {
            "passes": 7719,
            "fails": 0,
            "value": 1
        }
    }
}