{
    "root_group": {
        "name": "",
        "path": "",
        "id": "d41d8cd98f00b204e9800998ecf8427e",
        "groups": {},
        "checks": {
                "status 200": {
                    "name": "status 200",
                    "path": "::status 200",
                    "id": "fad9fa412b86fcb03bee97c80dcd61f1",
                    "passes": 771,
                    "fails": 0
                }
            }
    },
    "metrics": {
        "http_req_failed": {
            "passes": 0,
            "fails": 772,
            "thresholds": {
                "rate<0.05": false
            },
            "value": 0
        },
        "http_req_duration": {
            "p(99)": 2191.8763274499993,
            "avg": 977.7984557525923,
            "min": 10.686774,
            "med": 957.2106484999999,
            "max": 2710.822503,
            "p(90)": 1559.1234567,
            "p(95)": 1786.9003574499995,
            "thresholds": {
                "p(95)<10000": false,
                "p(99)<20000": false
            }
        },
        "http_req_sending": {
            "avg": 267.81207389507813,
            "min": 0.190423,
            "med": 194.201493,
            "max": 1707.288203,
            "p(90)": 699.0561916,
            "p(95)": 829.8999811499984,
            "p(99)": 1093.2009100299995
        },
        "server_jsontx_us": {
            "min": 11844,
            "med": 15548,
            "max": 99769,
            "p(90)": 42926,
            "p(95)": 50813.5,
            "p(99)": 66090.29999999989,
            "avg": 23335.942931258105
        },
        "checks": {
            "passes": 771,
            "fails": 0,
            "value": 1
        },
        "vus_max": {
            "value": 20,
            "min": 20,
            "max": 20
        },
        "data_received": {
            "count": 232917,
            "rate": 5164.577700783708
        },
        "iterations": {
            "count": 771,
            "rate": 17.095744008828206
        },
        "http_reqs": {
            "count": 772,
            "rate": 17.11791747706274
        },
        "http_req_duration{expected_response:true}": {
            "p(99)": 2191.8763274499993,
            "avg": 977.7984557525923,
            "min": 10.686774,
            "med": 957.2106484999999,
            "max": 2710.822503,
            "p(90)": 1559.1234567,
            "p(95)": 1786.9003574499995
        },
        "data_sent": {
            "count": 828280756,
            "rate": 18365857.03244448
        },
        "iteration_duration": {
            "p(99)": 2192.703065099999,
            "avg": 983.5421901543443,
            "min": 90.824122,
            "med": 961.824,
            "max": 2711.412351,
            "p(90)": 1564.937213,
            "p(95)": 1806.0772575
        },
        "http_req_connecting": {
            "p(90)": 0,
            "p(95)": 0,
            "p(99)": 39.9651939099999,
            "avg": 3.553960538860103,
            "min": 0,
            "med": 0,
            "max": 1075.225541
        },
        "http_req_blocked": {
            "p(95)": 0.02109269999999987,
            "p(99)": 40.0648801499999,
            "avg": 3.5689207370466365,
            "min": 0.004385,
            "med": 0.008701,
            "max": 1075.334825,
            "p(90)": 0.013073099999999997
        },
        "http_req_tls_handshaking": {
            "p(90)": 0,
            "p(95)": 0,
            "p(99)": 0,
            "avg": 0,
            "min": 0,
            "med": 0,
            "max": 0
        },
        "http_req_waiting": {
            "p(90)": 1279.8601512999999,
            "p(95)": 1514.8063418499994,
            "p(99)": 1907.9982910399974,
            "avg": 709.8778641308289,
            "min": 10.376121,
            "med": 630.1545510000001,
            "max": 2685.390822
        },
        "http_req_receiving": {
            "max": 0.386546,
            "p(90)": 0.1443572,
            "p(95)": 0.1677477499999999,
            "p(99)": 0.2329567999999997,
            "avg": 0.1085177266839377,
            "min": 0.042638,
            "med": 0.10085
        },
        "vus": {
            "value": 4,
            "min": 1,
            "max": 20
        }
    }
}