{
    "root_group": {
        "id": "d41d8cd98f00b204e9800998ecf8427e",
        "groups": {},
        "checks": {
                "status 200": {
                    "id": "fad9fa412b86fcb03bee97c80dcd61f1",
                    "passes": 783,
                    "fails": 0,
                    "name": "status 200",
                    "path": "::status 200"
                }
            },
        "name": "",
        "path": ""
    },
    "metrics": {
        "http_req_waiting": {
            "p(95)": 1440.7823320499995,
            "p(99)": 1919.0235465499986,
            "avg": 656.4661679923476,
            "min": 9.781026,
            "med": 541.1272240000001,
            "max": 9231.303916,
            "p(90)": 1222.5374094000001
        },
        "http_reqs": {
            "count": 784,
            "rate": 17.380188624577453
        },
        "http_req_duration{expected_response:true}": {
            "avg": 958.5539499400505,
            "min": 10.000708,
            "med": 928.156138,
            "max": 9232.312145,
            "p(90)": 1557.0624418000002,
            "p(95)": 1803.1232557999979,
            "p(99)": 2166.698820819999
        },
        "checks": {
            "passes": 783,
            "fails": 0,
            "value": 1
        },
        "server_jsontx_us": {
            "avg": 2271.6424010217115,
            "min": 1964,
            "med": 2186,
            "max": 5632,
            "p(90)": 2519.0000000000005,
            "p(95)": 2831.5,
            "p(99)": 3388.54
        },
        "http_req_blocked": {
            "avg": 7.622980292091849,
            "min": 0.003403,
            "med": 0.0084265,
            "max": 2097.303627,
            "p(90)": 0.012299500000000001,
            "p(95)": 0.019350749999999913,
            "p(99)": 48.56463835999997
        },
        "vus_max": {
            "value": 20,
            "min": 20,
            "max": 20
        },
        "http_req_tls_handshaking": {
            "p(99)": 0,
            "avg": 0,
            "min": 0,
            "med": 0,
            "max": 0,
            "p(90)": 0,
            "p(95)": 0
        },
        "http_req_receiving": {
            "min": 0.042214,
            "med": 0.095315,
            "max": 2.100834,
            "p(90)": 0.14190860000000002,
            "p(95)": 0.1631029,
            "p(99)": 0.21880597,
            "avg": 0.105654974489796
        },
        "data_sent": {
            "count": 841172284,
            "rate": 18647618.573579893
        },
        "http_req_connecting": {
            "min": 0,
            "med": 0,
            "max": 2097.203734,
            "p(90)": 0,
            "p(95)": 0,
            "p(99)": 48.47088228999996,
            "avg": 7.610759741071429
        },
        "vus": {
            "min": 1,
            "max": 20,
            "value": 3
        },
        "http_req_duration": {
            "p(99)": 2166.698820819999,
            "avg": 958.5539499400505,
            "min": 10.000708,
            "med": 928.156138,
            "max": 9232.312145,
            "p(90)": 1557.0624418000002,
            "p(95)": 1803.1232557999979,
            "thresholds": {
                "p(95)<10000": false,
                "p(99)<20000": false
            }
        },
        "http_req_failed": {
            "passes": 0,
            "fails": 784,
            "thresholds": {
                "rate<0.05": false
            },
            "value": 0
        },
        "iterations": {
            "count": 783,
            "rate": 17.35802001663794
        },
        "http_req_sending": {
            "p(99)": 1330.5210298199993,
            "avg": 301.98212697321424,
            "min": 0.094794,
            "med": 235.0423595,
            "max": 1744.089303,
            "p(90)": 795.8891958,
            "p(95)": 997.9465876999984
        },
        "data_received": {
            "count": 233409,
            "rate": 5174.35261055357
        },
        "iteration_duration": {
            "max": 9236.218566,
            "p(90)": 1568.8470976,
            "p(95)": 1831.7119973,
            "p(99)": 2271.376702739995,
            "avg": 968.234937375479,
            "min": 75.404608,
            "med": 934.423223
        }
    }
}