{
    "root_group": {
        "name": "",
        "path": "",
        "id": "d41d8cd98f00b204e9800998ecf8427e",
        "groups": {},
        "checks": {
                "status 200": {
                    "name": "status 200",
                    "path": "::status 200",
                    "id": "fad9fa412b86fcb03bee97c80dcd61f1",
                    "passes": 59382,
                    "fails": 0
                }
            }
    },
    "metrics": {
        "iterations": {
            "count": 59382,
            "rate": 1318.5257696301462
        },
        "http_req_failed": {
            "fails": 59383,
            "passes": 0,
            "thresholds": {
                "rate<0.05": false
            },
            "value": 0
        },
        "http_req_duration": {
            "p(99)": 18.96694034,
            "avg": 12.53143909869844,
            "min": 9.404032,
            "med": 11.655941,
            "max": 242.951153,
            "p(90)": 13.8825912,
            "p(95)": 15.054463799999999,
            "thresholds": {
                "p(95)<10000": false,
                "p(99)<20000": false
            }
        },
        "http_req_sending": {
            "med": 0.009609,
            "max": 8.18536,
            "p(90)": 0.022081,
            "p(95)": 0.027024499999999972,
            "p(99)": 0.050314860000000024,
            "avg": 0.013322621861475419,
            "min": 0.003973
        },
        "checks": {
            "fails": 0,
            "passes": 59382,
            "value": 1
        },
        "server_jsontx_us": {
            "p(95)": 206,
            "p(99)": 433.38000000000466,
            "avg": 164.36580108450372,
            "min": 90,
            "med": 156,
            "max": 6239,
            "p(90)": 188
        },
        "vus": {
            "value": 1,
            "min": 1,
            "max": 20
        },
        "http_req_receiving": {
            "p(90)": 0.0543348,
            "p(95)": 0.06407749999999997,
            "p(99)": 0.09977384,
            "avg": 0.03449953006752791,
            "min": 0.00702,
            "med": 0.025605,
            "max": 13.896297
        },
        "data_sent": {
            "rate": 1620469.9916142782,
            "count": 72980560
        },
        "http_req_tls_handshaking": {
            "p(95)": 0,
            "p(99)": 0,
            "avg": 0,
            "min": 0,
            "med": 0,
            "max": 0,
            "p(90)": 0
        },
        "http_req_waiting": {
            "med": 11.610597,
            "max": 242.9103,
            "p(90)": 13.834207399999999,
            "p(95)": 14.995225699999997,
            "p(99)": 18.84462358,
            "avg": 12.483616946769335,
            "min": 9.370246
        },
        "iteration_duration": {
            "max": 243.103013,
            "p(90)": 14.0243545,
            "p(95)": 15.205518799999998,
            "p(99)": 19.243575900000003,
            "avg": 12.665492153952476,
            "min": 9.543477,
            "med": 11.7861765
        },
        "vus_max": {
            "value": 20,
            "min": 20,
            "max": 20
        },
        "data_received": {
            "count": 17278783,
            "rate": 383660.37946427014
        },
        "http_req_duration{expected_response:true}": {
            "avg": 12.53143909869844,
            "min": 9.404032,
            "med": 11.655941,
            "max": 242.951153,
            "p(90)": 13.8825912,
            "p(95)": 15.054463799999999,
            "p(99)": 18.96694034
        },
        "http_req_connecting": {
            "p(99)": 0,
            "avg": 0.0038847252243908196,
            "min": 0,
            "med": 0,
            "max": 19.421995,
            "p(90)": 0,
            "p(95)": 0
        },
        "http_reqs": {
            "count": 59383,
            "rate": 1318.5479737622004
        },
        "http_req_blocked": {
            "avg": 0.007252844736709081,
            "min": 0.001053,
            "med": 0.002388,
            "max": 19.466691,
            "p(90)": 0.005262800000000003,
            "p(95)": 0.006138899999999995,
            "p(99)": 0.010437080000000003
        }
    }
}