{
    "root_group": {
        "checks": {
            "status 200": {
                "id": "fad9fa412b86fcb03bee97c80dcd61f1",
                "passes": 783,
                "fails": 0,
                "name": "status 200",
                "path": "::status 200"
            }
        },
        "name": "",
        "path": "",
        "id": "d41d8cd98f00b204e9800998ecf8427e",
        "groups": {}
    },
    "metrics": {
        "http_req_blocked": {
            "med": 0.008072,
            "max": 6822.49905,
            "p(90)": 0.012123100000000001,
            "p(95)": 0.015307899999999946,
            "p(99)": 48.30568139999998,
            "avg": 12.305881413265327,
            "min": 0.003171
        },
        "http_req_failed": {
            "passes": 0,
            "fails": 784,
            "thresholds": {
                "rate<0.05": false
            },
            "value": 0
        },
        "http_req_sending": {
            "p(99)": 1293.8188923599994,
            "avg": 232.4029554655615,
            "min": 0.13278,
            "med": 0.7282915000000001,
            "max": 7414.011497,
            "p(90)": 688.3951460000002,
            "p(95)": 865.8535318999997
        },
        "server_jsontx_us": {
            "max": 40889,
            "p(90)": 13887.4,
            "p(95)": 15134.299999999997,
            "p(99)": 18380.279999999984,
            "avg": 10938.145593869733,
            "min": 8441,
            "med": 10233
        },
        "http_reqs": {
            "count": 784,
            "rate": 17.36072432499592
        },
        "http_req_duration{expected_response:true}": {
            "avg": 956.280596432397,
            "min": 10.583165,
            "med": 906.5987245,
            "max": 10354.118891,
            "p(90)": 1528.3028156000003,
            "p(95)": 1738.7732695999982,
            "p(99)": 2199.0694376799984
        },
        "iteration_duration": {
            "p(99)": 2268.221958179995,
            "avg": 970.647388358875,
            "min": 79.159436,
            "med": 907.905101,
            "max": 10354.792897,
            "p(90)": 1542.987417200001,
            "p(95)": 1743.3563921999998
        },
        "data_sent": {
            "count": 841172284,
            "rate": 18626734.86269283
        },
        "vus_max": {
            "value": 20,
            "min": 20,
            "max": 20
        },
        "http_req_tls_handshaking": {
            "med": 0,
            "max": 0,
            "p(90)": 0,
            "p(95)": 0,
            "p(99)": 0,
            "avg": 0,
            "min": 0
        },
        "checks": {
            "passes": 783,
            "fails": 0,
            "value": 1
        },
        "http_req_waiting": {
            "p(99)": 1915.2278691999995,
            "avg": 723.7753804515305,
            "min": 10.345766,
            "med": 611.333209,
            "max": 9601.459255,
            "p(90)": 1298.1854049,
            "p(95)": 1514.5291298999985
        },
        "http_req_receiving": {
            "p(99)": 0.19430668999999967,
            "avg": 0.1022605153061227,
            "min": 0.037252,
            "med": 0.097642,
            "max": 0.283232,
            "p(90)": 0.1368205,
            "p(95)": 0.15189415
        },
        "http_req_duration": {
            "med": 906.5987245,
            "max": 10354.118891,
            "p(90)": 1528.3028156000003,
            "p(95)": 1738.7732695999982,
            "p(99)": 2199.0694376799984,
            "avg": 956.280596432397,
            "min": 10.583165,
            "thresholds": {
                "p(99)<20000": false,
                "p(95)<10000": false
            }
        },
        "iterations": {
            "rate": 17.33858054396914,
            "count": 783
        },
        "data_received": {
            "count": 246445,
            "rate": 5457.224115144923
        },
        "http_req_connecting": {
            "avg": 12.29410512882653,
            "min": 0,
            "med": 0,
            "max": 6822.398235,
            "p(90)": 0,
            "p(95)": 0,
            "p(99)": 48.223880929999986
        },
        "vus": {
            "min": 1,
            "max": 20,
            "value": 3
        }
    }
}