{
    "metrics": {
        "http_reqs": {
            "count": 609,
            "rate": 13.462725546588654
        },
        "server_jsontx_us": {
            "min": 136459,
            "med": 229395.5,
            "max": 340682,
            "p(90)": 253570.1,
            "p(95)": 262171.35,
            "p(99)": 299008.5799999999,
            "avg": 233231.07565789475
        },
        "http_req_connecting": {
            "p(95)": 0,
            "p(99)": 17.41494944,
            "avg": 0.5576124991789819,
            "min": 0,
            "med": 0,
            "max": 29.917526,
            "p(90)": 0
        },
        "data_sent": {
            "count": 653170834,
            "rate": 14439178.445284756
        },
        "vus": {
            "value": 4,
            "min": 1,
            "max": 20
        },
        "http_req_duration": {
            "max": 3997.888486,
            "p(90)": 1805.7948512,
            "p(95)": 1962.1932048,
            "p(99)": 2238.0411472399983,
            "avg": 1247.7612042430214,
            "min": 10.294045,
            "med": 1253.680081,
            "thresholds": {
                "p(95)<10000": false,
                "p(99)<20000": false
            }
        },
        "iteration_duration": {
            "p(99)": 2239.260187819998,
            "avg": 1251.2523991282885,
            "min": 236.675061,
            "med": 1255.2308,
            "max": 4010.480318,
            "p(90)": 1807.4165747,
            "p(95)": 1963.17935725
        },
        "data_received": {
            "count": 183083,
            "rate": 4047.2843698622173
        },
        "iterations": {
            "count": 608,
            "rate": 13.440619264902958
        },
        "http_req_tls_handshaking": {
            "avg": 0,
            "min": 0,
            "med": 0,
            "max": 0,
            "p(90)": 0,
            "p(95)": 0,
            "p(99)": 0
        },
        "http_req_sending": {
            "med": 0.726943,
            "max": 2268.132621,
            "p(90)": 213.6921720000001,
            "p(95)": 242.28406500000003,
            "p(99)": 1182.676756519997,
            "avg": 81.32739032348101,
            "min": 0.243438
        },
        "http_req_blocked": {
            "p(90)": 0.014024800000000002,
            "p(95)": 0.02622040000000002,
            "p(99)": 17.527593919999997,
            "avg": 0.5708688949096878,
            "min": 0.004115,
            "med": 0.008911,
            "max": 30.011059
        },
        "http_req_duration{expected_response:true}": {
            "p(90)": 1805.7948512,
            "p(95)": 1962.1932048,
            "p(99)": 2238.0411472399983,
            "avg": 1247.7612042430214,
            "min": 10.294045,
            "med": 1253.680081,
            "max": 3997.888486
        },
        "http_req_waiting": {
            "avg": 1166.3294979047635,
            "min": 9.966836,
            "med": 1188.402329,
            "max": 2240.028813,
            "p(90)": 1737.1045766000002,
            "p(95)": 1894.0160218,
            "p(99)": 2083.7529919599983
        },
        "checks": {
            "passes": 608,
            "fails": 0,
            "value": 1
        },
        "vus_max": {
            "value": 20,
            "min": 20,
            "max": 20
        },
        "http_req_failed": {
            "passes": 0,
            "fails": 609,
            "thresholds": {
                "rate<0.05": false
            },
            "value": 0
        },
        "http_req_receiving": {
            "avg": 0.10431601477832521,
            "min": 0.044138,
            "med": 0.100636,
            "max": 0.237988,
            "p(90)": 0.1373882,
            "p(95)": 0.14956420000000004,
            "p(99)": 0.17104751999999973
        }
    },
    "root_group": {
        "name": "",
        "path": "",
        "id": "d41d8cd98f00b204e9800998ecf8427e",
        "groups": {},
        "checks": {
                "status 200": {
                    "name": "status 200",
                    "path": "::status 200",
                    "id": "fad9fa412b86fcb03bee97c80dcd61f1",
                    "passes": 608,
                    "fails": 0
                }
            }
    }
}