{
    "metrics": {
        "http_req_duration{expected_response:true}": {
            "avg": 11.69298059169698,
            "min": 8.752903,
            "med": 10.608241,
            "max": 440.841804,
            "p(90)": 12.1960218,
            "p(95)": 13.018403,
            "p(99)": 17.864591239999996
        },
        "checks": {
            "passes": 63518,
            "fails": 0,
            "value": 1
        },
        "data_sent": {
            "rate": 1733551.8146314223,
            "count": 78063704
        },
        "data_received": {
            "count": 19356217,
            "rate": 429841.31402155326
        },
        "iteration_duration": {
            "p(90)": 12.370487800000001,
            "p(95)": 13.208141799999995,
            "p(99)": 18.186829090000007,
            "avg": 11.843666748213108,
            "min": 8.870358,
            "med": 10.7552855,
            "max": 440.913121
        },
        "http_req_receiving": {
            "avg": 0.038181729639950576,
            "min": 0.008581,
            "med": 0.029429,
            "max": 5.169226,
            "p(90)": 0.0617762,
            "p(95)": 0.0726076,
            "p(99)": 0.11370029999999999
        },
        "vus_max": {
            "value": 20,
            "min": 20,
            "max": 20
        },
        "http_req_failed": {
            "passes": 0,
            "fails": 63519,
            "thresholds": {
                "rate<0.05": false
            },
            "value": 0
        },
        "http_req_blocked": {
            "avg": 0.007196458933547543,
            "min": 0.001016,
            "med": 0.00279,
            "max": 12.829046,
            "p(90)": 0.00596,
            "p(95)": 0.006758,
            "p(99)": 0.012249479999999997
        },
        "server_jsontx_us": {
            "min": 6,
            "med": 12,
            "max": 902,
            "p(90)": 17,
            "p(95)": 20,
            "p(99)": 37,
            "avg": 12.863235618249945
        },
        "http_req_sending": {
            "med": 0.010815,
            "max": 5.506188,
            "p(90)": 0.024130200000000004,
            "p(95)": 0.0291731,
            "p(99)": 0.053974059999999977,
            "avg": 0.014735007792943693,
            "min": 0.00404
        },
        "http_req_waiting": {
            "avg": 11.64006385426411,
            "min": 8.715245,
            "med": 10.556235,
            "max": 440.818391,
            "p(90)": 12.1387648,
            "p(95)": 12.952919499999998,
            "p(99)": 17.78363246
        },
        "iterations": {
            "rate": 1410.5370168158904,
            "count": 63518
        },
        "http_req_tls_handshaking": {
            "avg": 0,
            "min": 0,
            "med": 0,
            "max": 0,
            "p(90)": 0,
            "p(95)": 0,
            "p(99)": 0
        },
        "vus": {
            "value": 1,
            "min": 1,
            "max": 20
        },
        "http_req_connecting": {
            "min": 0,
            "med": 0,
            "max": 12.77666,
            "p(90)": 0,
            "p(95)": 0,
            "p(99)": 0,
            "avg": 0.0034373338056329595
        },
        "http_req_duration": {
            "avg": 11.69298059169698,
            "min": 8.752903,
            "med": 10.608241,
            "max": 440.841804,
            "p(90)": 12.1960218,
            "p(95)": 13.018403,
            "p(99)": 17.864591239999996,
            "thresholds": {
                "p(95)<10000": false,
                "p(99)<20000": false
            }
        },
        "http_reqs": {
            "count": 63519,
            "rate": 1410.559223702392
        }
    },
    "root_group": {
        "name": "",
        "path": "",
        "id": "d41d8cd98f00b204e9800998ecf8427e",
        "groups": {},
        "checks": {
                "status 200": {
                    "path": "::status 200",
                    "id": "fad9fa412b86fcb03bee97c80dcd61f1",
                    "passes": 63518,
                    "fails": 0,
                    "name": "status 200"
                }
            }
    }
}