{
    "metrics": {
        "http_req_failed": {
            "passes": 0,
            "fails": 6806,
            "thresholds": {
                "rate<0.05": false
            },
            "value": 0
        },
        "http_reqs": {
            "count": 6806,
            "rate": 151.10260924699645
        },
        "http_req_connecting": {
            "avg": 0.04433527754922128,
            "min": 0,
            "med": 0,
            "max": 22.214923,
            "p(90)": 0,
            "p(95)": 0,
            "p(99)": 0
        },
        "http_req_receiving": {
            "avg": 0.08277658139876554,
            "min": 0.023668,
            "med": 0.07817,
            "max": 0.864968,
            "p(90)": 0.1125625,
            "p(95)": 0.12610125,
            "p(99)": 0.16764444999999986
        },
        "server_jsontx_us": {
            "p(95)": 27148.199999999997,
            "p(99)": 39200.84,
            "avg": 21096.350477590007,
            "min": 11758,
            "med": 20146,
            "max": 55637,
            "p(90)": 23774.4
        },
        "checks": {
            "passes": 6805,
            "fails": 0,
            "value": 1
        },
        "iteration_duration": {
            "min": 30.23924,
            "med": 110.951346,
            "max": 464.641584,
            "p(90)": 164.53455180000006,
            "p(95)": 178.91797799999998,
            "p(99)": 208.59541396000003,
            "avg": 110.6584418906685
        },
        "data_sent": {
            "count": 732020737,
            "rate": 16251872.374905871
        },
        "data_received": {
            "count": 2027965,
            "rate": 45023.626647309015
        },
        "http_req_sending": {
            "med": 0.2086325,
            "max": 25.844625,
            "p(90)": 0.276132,
            "p(95)": 0.30642575,
            "p(99)": 0.4330863999999977,
            "avg": 0.24845221040258567,
            "min": 0.072747
        },
        "http_req_blocked": {
            "max": 22.29958,
            "p(90)": 0.009225500000000001,
            "p(95)": 0.01170875,
            "p(99)": 0.03404894999999998,
            "avg": 0.05206913781957108,
            "min": 0.002078,
            "med": 0.006475
        },
        "iterations": {
            "count": 6805,
            "rate": 151.0804078645035
        },
        "http_req_tls_handshaking": {
            "avg": 0,
            "min": 0,
            "med": 0,
            "max": 0,
            "p(90)": 0,
            "p(95)": 0,
            "p(99)": 0
        },
        "http_req_waiting": {
            "min": 9.544075,
            "med": 110.327046,
            "max": 463.959543,
            "p(90)": 163.83817,
            "p(95)": 178.26583175,
            "p(99)": 207.253866,
            "avg": 109.91189633823038
        },
        "http_req_duration{expected_response:true}": {
            "p(95)": 178.535476,
            "p(99)": 207.66076139999998,
            "avg": 110.24312513003245,
            "min": 9.815365,
            "med": 110.58833849999999,
            "max": 464.28532,
            "p(90)": 164.115848
        },
        "http_req_duration": {
            "avg": 110.24312513003245,
            "min": 9.815365,
            "med": 110.58833849999999,
            "max": 464.28532,
            "p(90)": 164.115848,
            "p(95)": 178.535476,
            "p(99)": 207.66076139999998,
            "thresholds": {
                "p(95)<10000": false,
                "p(99)<20000": false
            }
        },
        "vus": {
            "value": 1,
            "min": 1,
            "max": 20
        },
        "vus_max": {
            "min": 20,
            "max": 20,
            "value": 20
        }
    },
    "root_group": {
        "name": "",
        "path": "",
        "id": "d41d8cd98f00b204e9800998ecf8427e",
        "groups": {},
        "checks": {
                "status 200": {
                    "name": "status 200",
                    "path": "::status 200",
                    "id": "fad9fa412b86fcb03bee97c80dcd61f1",
                    "passes": 6805,
                    "fails": 0
                }
            }
    }
}