{
    "metrics": {
        "http_req_tls_handshaking": {
            "p(90)": 0,
            "p(95)": 0,
            "p(99)": 0,
            "avg": 0,
            "min": 0,
            "med": 0,
            "max": 0
        },
        "iteration_duration": {
            "p(90)": 22.528968699999997,
            "p(95)": 24.998190649999998,
            "p(99)": 31.931805020000002,
            "avg": 17.98523588649612,
            "min": 11.038062,
            "med": 16.5737755,
            "max": 13812.128351
        },
        "http_req_duration": {
            "min": 9.968443,
            "med": 16.418494,
            "max": 13812.032894,
            "p(90)": 22.34967,
            "p(95)": 24.809208,
            "p(99)": 31.7242144,
            "avg": 17.79711333455226,
            "thresholds": {
                "p(95)<10000": false,
                "p(99)<20000": false
            }
        },
        "checks": {
            "passes": 41840,
            "fails": 0,
            "value": 1
        },
        "http_req_blocked": {
            "max": 1054.956653,
            "p(90)": 0.005945,
            "p(95)": 0.006833,
            "p(99)": 0.015599399999999944,
            "avg": 0.033964062594105664,
            "min": 0.001164,
            "med": 0.002897
        },
        "http_req_connecting": {
            "max": 1054.908644,
            "p(90)": 0,
            "p(95)": 0,
            "p(99)": 0,
            "avg": 0.030107725843072572,
            "min": 0,
            "med": 0
        },
        "vus": {
            "value": 1,
            "min": 1,
            "max": 20
        },
        "http_req_waiting": {
            "avg": 17.675359812432855,
            "min": 9.695084,
            "med": 16.301432,
            "max": 13811.94375,
            "p(90)": 22.222823,
            "p(95)": 24.683799,
            "p(99)": 31.610073399999997
        },
        "http_req_duration{expected_response:true}": {
            "p(99)": 31.7242144,
            "avg": 17.79711333455226,
            "min": 9.968443,
            "med": 16.418494,
            "max": 13812.032894,
            "p(90)": 22.34967,
            "p(95)": 24.809208
        },
        "iterations": {
            "count": 41840,
            "rate": 928.9865214561233
        },
        "vus_max": {
            "value": 20,
            "min": 20,
            "max": 20
        },
        "http_req_receiving": {
            "p(95)": 0.073853,
            "p(99)": 0.11520739999999986,
            "avg": 0.040473975813197394,
            "min": 0.008479,
            "med": 0.031107,
            "max": 8.320452,
            "p(90)": 0.062257
        },
        "http_reqs": {
            "count": 41841,
            "rate": 929.0087247668656
        },
        "http_req_sending": {
            "max": 11.961462,
            "p(90)": 0.133121,
            "p(95)": 0.155596,
            "p(99)": 0.21955699999999956,
            "avg": 0.08127954630625481,
            "min": 0.028264,
            "med": 0.06752
        },
        "server_jsontx_us": {
            "min": 960,
            "med": 1648,
            "max": 11999,
            "p(90)": 2181,
            "p(95)": 3647,
            "p(99)": 4929.610000000001,
            "avg": 1838.2965822179733
        },
        "data_sent": {
            "count": 456014242,
            "rate": 10125025.91802177
        },
        "data_received": {
            "count": 12300901,
            "rate": 273120.7273127665
        },
        "http_req_failed": {
            "passes": 0,
            "fails": 41841,
            "thresholds": {
                "rate<0.05": false
            },
            "value": 0
        }
    },
    "root_group": {
        "groups": {},
        "checks": {
                "status 200": {
                    "name": "status 200",
                    "path": "::status 200",
                    "id": "fad9fa412b86fcb03bee97c80dcd61f1",
                    "passes": 41840,
                    "fails": 0
                }
            },
        "name": "",
        "path": "",
        "id": "d41d8cd98f00b204e9800998ecf8427e"
    }
}