{
    "metrics": {
        "http_req_waiting": {
            "min": 9.761166,
            "med": 93.553224,
            "max": 4022.87229,
            "p(90)": 149.6422276,
            "p(95)": 183.49207919999998,
            "p(99)": 348.6805645600004,
            "avg": 98.5117789936702
        },
        "http_reqs": {
            "count": 7583,
            "rate": 168.36564806256447
        },
        "http_req_duration{expected_response:true}": {
            "avg": 98.90132277449545,
            "min": 10.123733,
            "med": 93.813781,
            "max": 4023.072188,
            "p(90)": 150.0774326,
            "p(95)": 183.86708720000001,
            "p(99)": 348.8624613600004
        },
        "iterations": {
            "count": 7582,
            "rate": 168.34344502312592
        },
        "http_req_connecting": {
            "max": 52.450026,
            "p(90)": 0,
            "p(95)": 0,
            "p(99)": 0,
            "avg": 0.09001971185546619,
            "min": 0,
            "med": 0
        },
        "data_sent": {
            "rate": 18108874.545231912,
            "count": 815603404
        },
        "http_req_failed": {
            "fails": 7583,
            "passes": 0,
            "thresholds": {
                "rate<0.05": false
            },
            "value": 0
        },
        "http_req_blocked": {
            "avg": 0.09691251470394315,
            "min": 0.001872,
            "med": 0.005646,
            "max": 52.5347,
            "p(90)": 0.008542,
            "p(95)": 0.010522299999999997,
            "p(99)": 0.03267806000000002
        },
        "http_req_sending": {
            "avg": 0.22681228471581164,
            "min": 0.05864,
            "med": 0.171112,
            "max": 48.482984,
            "p(90)": 0.23843740000000002,
            "p(95)": 0.2707788,
            "p(99)": 0.40645814000000025
        },
        "http_req_receiving": {
            "p(90)": 0.1042184,
            "p(95)": 0.11736109999999998,
            "p(99)": 0.1566934000000007,
            "avg": 0.16273149610971915,
            "min": 0.021973,
            "med": 0.068828,
            "max": 95.124515
        },
        "http_req_duration": {
            "avg": 98.90132277449545,
            "min": 10.123733,
            "med": 93.813781,
            "max": 4023.072188,
            "p(90)": 150.0774326,
            "p(95)": 183.86708720000001,
            "p(99)": 348.8624613600004,
            "thresholds": {
                "p(95)<10000": false,
                "p(99)<20000": false
            }
        },
        "checks": {
            "passes": 7582,
            "fails": 0,
            "value": 1
        },
        "data_received": {
            "count": 2359779,
            "rate": 52394.26620327448
        },
        "server_jsontx_us": {
            "max": 5819,
            "p(90)": 1237.9000000000005,
            "p(95)": 1324,
            "p(99)": 1529.1899999999996,
            "avg": 915.9029279873384,
            "min": 680,
            "med": 841
        },
        "http_req_tls_handshaking": {
            "p(99)": 0,
            "avg": 0,
            "min": 0,
            "med": 0,
            "max": 0,
            "p(90)": 0,
            "p(95)": 0
        },
        "vus_max": {
            "value": 20,
            "min": 20,
            "max": 20
        },
        "iteration_duration": {
            "max": 4023.373286,
            "p(90)": 150.45837370000004,
            "p(95)": 184.69734274999996,
            "p(99)": 349.0964843399995,
            "avg": 99.31959767581117,
            "min": 15.965645,
            "med": 94.11049650000001
        },
        "vus": {
            "value": 1,
            "min": 1,
            "max": 20
        }
    },
    "root_group": {
        "id": "d41d8cd98f00b204e9800998ecf8427e",
        "groups": {},
        "checks": {
                "status 200": {
                    "path": "::status 200",
                    "id": "fad9fa412b86fcb03bee97c80dcd61f1",
                    "passes": 7582,
                    "fails": 0,
                    "name": "status 200"
                }
            },
        "name": "",
        "path": ""
    }
}