{
    "metrics": {
        "iterations": {
            "count": 54555,
            "rate": 1211.523179221957
        },
        "data_received": {
            "rate": 372429.9756656561,
            "count": 16770556
        },
        "server_jsontx_us": {
            "max": 3912,
            "p(90)": 122,
            "p(95)": 134,
            "p(99)": 167,
            "avg": 92.98935019704885,
            "min": 60,
            "med": 89
        },
        "http_req_failed": {
            "passes": 0,
            "fails": 54556,
            "thresholds": {
                "rate<0.05": false
            },
            "value": 0
        },
        "iteration_duration": {
            "avg": 13.839962491540762,
            "min": 9.543698,
            "med": 12.466638,
            "max": 16897.741902,
            "p(90)": 15.148120800000001,
            "p(95)": 16.608329699999995,
            "p(99)": 25.936297739999993
        },
        "vus": {
            "value": 1,
            "min": 1,
            "max": 20
        },
        "http_req_sending": {
            "min": 0.019313,
            "med": 0.0434655,
            "max": 9.229292,
            "p(90)": 0.0977405,
            "p(95)": 0.11872925,
            "p(99)": 0.17222549999999975,
            "avg": 0.056533779419311855
        },
        "http_req_waiting": {
            "p(95)": 16.059916,
            "p(99)": 21.719707499999963,
            "avg": 13.303787129756628,
            "min": 9.138687,
            "med": 12.237268,
            "max": 16897.320943,
            "p(90)": 14.810339500000001
        },
        "http_reqs": {
            "count": 54556,
            "rate": 1211.5453865939528
        },
        "vus_max": {
            "value": 20,
            "min": 20,
            "max": 20
        },
        "http_req_duration": {
            "p(99)": 25.69309904999981,
            "avg": 13.685846504545633,
            "min": 9.359066,
            "med": 12.333306499999999,
            "max": 16897.438568,
            "p(90)": 14.99202,
            "p(95)": 16.4191735,
            "thresholds": {
                "p(95)<10000": false,
                "p(99)<20000": false
            }
        },
        "http_req_connecting": {
            "max": 535.162223,
            "p(90)": 0,
            "p(95)": 0,
            "p(99)": 0,
            "avg": 0.013797441564630837,
            "min": 0,
            "med": 0
        },
        "http_req_tls_handshaking": {
            "avg": 0,
            "min": 0,
            "med": 0,
            "max": 0,
            "p(90)": 0,
            "p(95)": 0,
            "p(99)": 0
        },
        "http_req_duration{expected_response:true}": {
            "p(90)": 14.99202,
            "p(95)": 16.4191735,
            "p(99)": 25.69309904999981,
            "avg": 13.685846504545633,
            "min": 9.359066,
            "med": 12.333306499999999,
            "max": 16897.438568
        },
        "http_req_blocked": {
            "p(95)": 0.0064262500000000005,
            "p(99)": 0.011961899999999994,
            "avg": 0.01733086626585526,
            "min": 0.001113,
            "med": 0.0025,
            "max": 535.215526,
            "p(90)": 0.005558
        },
        "checks": {
            "passes": 54555,
            "fails": 0,
            "value": 1
        },
        "data_sent": {
            "count": 594595027,
            "rate": 13204392.951344613
        },
        "http_req_receiving": {
            "p(99)": 0.1623961499999958,
            "avg": 0.3255255953698972,
            "min": 0.007533,
            "med": 0.028022,
            "max": 306.802526,
            "p(90)": 0.059238,
            "p(95)": 0.0708375
        }
    },
    "root_group": {
        "name": "",
        "path": "",
        "id": "d41d8cd98f00b204e9800998ecf8427e",
        "groups": {},
        "checks": {
                "status 200": {
                    "passes": 54555,
                    "fails": 0,
                    "name": "status 200",
                    "path": "::status 200",
                    "id": "fad9fa412b86fcb03bee97c80dcd61f1"
                }
            }
    }
}