{
    "metrics": {
        "http_req_sending": {
            "med": 0.004408,
            "max": 4.375672,
            "p(90)": 0.0117485,
            "p(95)": 0.016541,
            "p(99)": 0.02589925,
            "avg": 0.0063806766939303915,
            "min": 0.002174
        },
        "http_req_duration": {
            "avg": 16.31156204594607,
            "min": 8.635043,
            "med": 11.757429,
            "max": 869.953125,
            "p(90)": 28.403426,
            "p(95)": 38.709385499999996,
            "p(99)": 54.27336025,
            "thresholds": {
                "p(95)<5000": false,
                "p(99)<10000": false
            }
        },
        "http_reqs": {
            "count": 228876,
            "rate": 2542.302760363608
        },
        "http_req_failed": {
            "passes": 0,
            "fails": 228876,
            "thresholds": {
                "rate<0.05": false
            },
            "value": 0
        },
        "vus_max": {
            "max": 50,
            "value": 50,
            "min": 50
        },
        "http_req_connecting": {
            "med": 0,
            "max": 1029.689651,
            "p(90)": 0,
            "p(95)": 0,
            "p(99)": 0,
            "avg": 0.015670516301403377,
            "min": 0
        },
        "http_req_tls_handshaking": {
            "p(99)": 0,
            "avg": 0,
            "min": 0,
            "med": 0,
            "max": 0,
            "p(90)": 0,
            "p(95)": 0
        },
        "vus": {
            "min": 1,
            "max": 50,
            "value": 1
        },
        "checks": {
            "fails": 0,
            "passes": 228875,
            "value": 1
        },
        "server_membw_us": {
            "med": 81,
            "max": 68369,
            "p(90)": 122,
            "p(95)": 158,
            "p(99)": 269,
            "avg": 130.80369197160022,
            "min": 54
        },
        "http_req_duration{expected_response:true}": {
            "avg": 16.31156204594607,
            "min": 8.635043,
            "med": 11.757429,
            "max": 869.953125,
            "p(90)": 28.403426,
            "p(95)": 38.709385499999996,
            "p(99)": 54.27336025
        },
        "iteration_duration": {
            "p(99)": 54.358008940000005,
            "avg": 16.403044289756547,
            "min": 8.673025,
            "med": 11.825245,
            "max": 1040.856588,
            "p(90)": 28.5279792,
            "p(95)": 38.83836689999999
        },
        "http_req_receiving": {
            "avg": 0.021801157757911978,
            "min": 0.005656,
            "med": 0.014655,
            "max": 15.913249,
            "p(90)": 0.0372985,
            "p(95)": 0.05302425,
            "p(99)": 0.08593424999999999
        },
        "data_sent": {
            "count": 24489712,
            "rate": 272026.17320343666
        },
        "iterations": {
            "count": 228875,
            "rate": 2542.2916525901396
        },
        "http_req_waiting": {
            "avg": 16.283380211494585,
            "min": 8.620452,
            "med": 11.7341955,
            "max": 869.920299,
            "p(90)": 28.34847,
            "p(95)": 38.65207175,
            "p(99)": 54.240452
        },
        "data_received": {
            "count": 55425679,
            "rate": 615655.8866666984
        },
        "http_req_blocked": {
            "min": 0.000738,
            "med": 0.001495,
            "max": 1029.729279,
            "p(90)": 0.003925,
            "p(95)": 0.005375,
            "p(99)": 0.007667,
            "avg": 0.01774456634159987
        }
    },
    "root_group": {
        "id": "d41d8cd98f00b204e9800998ecf8427e",
        "groups": {},
        "checks": {
                "status 200": {
                    "name": "status 200",
                    "path": "::status 200",
                    "id": "fad9fa412b86fcb03bee97c80dcd61f1",
                    "passes": 228875,
                    "fails": 0
                }
            },
        "name": "",
        "path": ""
    }
}