{
    "root_group": {
        "path": "",
        "id": "d41d8cd98f00b204e9800998ecf8427e",
        "groups": {},
        "checks": {
                "status 200": {
                    "name": "status 200",
                    "path": "::status 200",
                    "id": "fad9fa412b86fcb03bee97c80dcd61f1",
                    "passes": 240171,
                    "fails": 0
                }
            },
        "name": ""
    },
    "metrics": {
        "http_req_duration{expected_response:true}": {
            "avg": 15.560046687353122,
            "min": 8.718128,
            "med": 11.479686999999998,
            "max": 471.99512,
            "p(90)": 29.2935505,
            "p(95)": 38.045059999999985,
            "p(99)": 45.95620949000001
        },
        "http_req_waiting": {
            "avg": 15.535178711623166,
            "min": 8.701922,
            "med": 11.4572745,
            "max": 471.976068,
            "p(90)": 29.262017,
            "p(95)": 37.999109149999995,
            "p(99)": 45.90809542000003
        },
        "http_req_connecting": {
            "avg": 0.002498371904301917,
            "min": 0,
            "med": 0,
            "max": 52.246821,
            "p(90)": 0,
            "p(95)": 0,
            "p(99)": 0
        },
        "http_req_tls_handshaking": {
            "min": 0,
            "med": 0,
            "max": 0,
            "p(90)": 0,
            "p(95)": 0,
            "p(99)": 0,
            "avg": 0
        },
        "server_membw_us": {
            "max": 43199,
            "p(90)": 110,
            "p(95)": 142,
            "p(99)": 231,
            "avg": 120.82710651993787,
            "min": 63,
            "med": 85
        },
        "http_reqs": {
            "count": 240172,
            "rate": 2667.7239757723937
        },
        "vus": {
            "min": 1,
            "max": 50,
            "value": 1
        },
        "http_req_sending": {
            "med": 0.004296,
            "max": 1.758267,
            "p(90)": 0.008032899999999994,
            "p(95)": 0.014703,
            "p(99)": 0.024332,
            "avg": 0.005750077615209202,
            "min": 0.002122
        },
        "data_received": {
            "count": 57442057,
            "rate": 638040.873526408
        },
        "http_req_receiving": {
            "p(90)": 0.031049899999999995,
            "p(95)": 0.04717544999999999,
            "p(99)": 0.08148719000000008,
            "avg": 0.019117898114684746,
            "min": 0.005404,
            "med": 0.01416,
            "max": 5.873614
        },
        "checks": {
            "fails": 0,
            "passes": 240171,
            "value": 1
        },
        "http_req_duration": {
            "p(90)": 29.2935505,
            "p(95)": 38.045059999999985,
            "p(99)": 45.95620949000001,
            "avg": 15.560046687353122,
            "min": 8.718128,
            "med": 11.479686999999998,
            "max": 471.99512,
            "thresholds": {
                "p(99)<10000": false,
                "p(95)<5000": false
            }
        },
        "iteration_duration": {
            "med": 11.542841,
            "max": 472.043329,
            "p(90)": 29.40451,
            "p(95)": 38.156544,
            "p(99)": 46.05403779999998,
            "avg": 15.631406541431293,
            "min": 8.75266
        },
        "vus_max": {
            "value": 50,
            "min": 50,
            "max": 50
        },
        "data_sent": {
            "rate": 285446.2432565231,
            "count": 25698384
        },
        "iterations": {
            "count": 240171,
            "rate": 2667.7128682162434
        },
        "http_req_failed": {
            "passes": 0,
            "fails": 240172,
            "thresholds": {
                "rate<0.05": false
            },
            "value": 0
        },
        "http_req_blocked": {
            "med": 0.00144,
            "max": 52.285769,
            "p(90)": 0.002664,
            "p(95)": 0.004917,
            "p(99)": 0.0073762900000000076,
            "avg": 0.004374635573671945,
            "min": 0.000719
        }
    }
}