{
    "metrics": {
        "http_req_duration": {
            "p(99)": 19.39896238,
            "avg": 12.050962757172794,
            "min": 8.546819,
            "med": 10.57322,
            "max": 445.086156,
            "p(90)": 12.879843999999999,
            "p(95)": 14.1789042,
            "thresholds": {
                "p(95)<5000": false,
                "p(99)<10000": false
            }
        },
        "vus_max": {
            "value": 50,
            "min": 50,
            "max": 50
        },
        "http_req_waiting": {
            "max": 445.058404,
            "p(90)": 12.8494538,
            "p(95)": 14.146614399999999,
            "p(99)": 19.36272777999998,
            "avg": 12.022794197779369,
            "min": 8.514399,
            "med": 10.545555
        },
        "http_req_receiving": {
            "min": 0.006094,
            "med": 0.01839,
            "max": 10.420209,
            "p(90)": 0.027047,
            "p(95)": 0.03127789999999996,
            "p(99)": 0.05543097999999992,
            "avg": 0.02134958597335477
        },
        "http_reqs": {
            "count": 309183,
            "rate": 3434.120784168107
        },
        "http_req_tls_handshaking": {
            "med": 0,
            "max": 0,
            "p(90)": 0,
            "p(95)": 0,
            "p(99)": 0,
            "avg": 0,
            "min": 0
        },
        "data_sent": {
            "count": 32773378,
            "rate": 364016.580980189
        },
        "checks": {
            "passes": 309182,
            "fails": 0,
            "value": 1
        },
        "http_req_connecting": {
            "p(95)": 0,
            "p(99)": 0,
            "avg": 0.008788360504943674,
            "min": 0,
            "med": 0,
            "max": 1035.468839,
            "p(90)": 0
        },
        "iterations": {
            "count": 309182,
            "rate": 3434.1096770865915
        },
        "server_membw_us": {
            "min": 54,
            "med": 65,
            "max": 2718,
            "p(90)": 148,
            "p(95)": 159,
            "p(99)": 216,
            "avg": 91.53278974843296
        },
        "http_req_failed": {
            "passes": 0,
            "fails": 309183,
            "thresholds": {
                "rate<0.05": false
            },
            "value": 0
        },
        "http_req_duration{expected_response:true}": {
            "p(99)": 19.39896238,
            "avg": 12.050962757172794,
            "min": 8.546819,
            "med": 10.57322,
            "max": 445.086156,
            "p(90)": 12.879843999999999,
            "p(95)": 14.1789042
        },
        "vus": {
            "value": 1,
            "min": 1,
            "max": 50
        },
        "data_received": {
            "count": 74939151,
            "rate": 832355.2588499762
        },
        "iteration_duration": {
            "p(90)": 12.9674093,
            "p(95)": 14.273093750000001,
            "p(99)": 19.55816056,
            "avg": 12.139400360435092,
            "min": 8.636625,
            "med": 10.652326500000001,
            "max": 1047.769942
        },
        "http_req_sending": {
            "avg": 0.00681897342027211,
            "min": 0.002394,
            "med": 0.005824,
            "max": 5.341418,
            "p(90)": 0.008246,
            "p(95)": 0.00958,
            "p(99)": 0.017485359999999988
        },
        "http_req_blocked": {
            "max": 1035.543072,
            "p(90)": 0.00276,
            "p(95)": 0.00316,
            "p(99)": 0.006706539999999979,
            "avg": 0.01099016461125027,
            "min": 0.000724,
            "med": 0.001963
        }
    },
    "root_group": {
        "path": "",
        "id": "d41d8cd98f00b204e9800998ecf8427e",
        "groups": {},
        "checks": {
                "status 200": {
                    "name": "status 200",
                    "path": "::status 200",
                    "id": "fad9fa412b86fcb03bee97c80dcd61f1",
                    "passes": 309182,
                    "fails": 0
                }
            },
        "name": ""
    }
}