{
    "root_group": {
        "checks": {
            "status 200": {
                "passes": 293387,
                "fails": 0,
                "name": "status 200",
                "path": "::status 200",
                "id": "fad9fa412b86fcb03bee97c80dcd61f1"
            }
        },
        "name": "",
        "path": "",
        "id": "d41d8cd98f00b204e9800998ecf8427e",
        "groups": {}
    },
    "metrics": {
        "data_sent": {
            "rate": 342170.7794634377,
            "count": 30805720
        },
        "http_req_duration": {
            "p(95)": 15.696658949999993,
            "p(99)": 23.885169270000013,
            "avg": 12.716583666544107,
            "min": 8.437876,
            "med": 10.695865999999999,
            "max": 3491.773512,
            "p(90)": 13.4868881,
            "thresholds": {
                "p(99)<10000": false,
                "p(95)<5000": false
            }
        },
        "http_req_tls_handshaking": {
            "p(95)": 0,
            "p(99)": 0,
            "avg": 0,
            "min": 0,
            "med": 0,
            "max": 0,
            "p(90)": 0
        },
        "vus_max": {
            "value": 50,
            "min": 50,
            "max": 50
        },
        "http_reqs": {
            "count": 293388,
            "rate": 3258.7714439142815
        },
        "http_req_waiting": {
            "avg": 12.692141012096512,
            "min": 8.422494,
            "med": 10.672588999999999,
            "max": 3491.750627,
            "p(90)": 13.457677799999999,
            "p(95)": 15.665847799999998,
            "p(99)": 23.86055074000001
        },
        "http_req_duration{expected_response:true}": {
            "p(90)": 13.4868881,
            "p(95)": 15.696658949999993,
            "p(99)": 23.885169270000013,
            "avg": 12.716583666544107,
            "min": 8.437876,
            "med": 10.695865999999999,
            "max": 3491.773512
        },
        "checks": {
            "passes": 293387,
            "fails": 0,
            "value": 1
        },
        "vus": {
            "value": 1,
            "min": 1,
            "max": 50
        },
        "data_received": {
            "count": 70123769,
            "rate": 778891.2155808742
        },
        "http_req_receiving": {
            "p(95)": 0.03581894999999989,
            "p(99)": 0.07097624000000023,
            "avg": 0.018912397500920882,
            "min": 0.005759,
            "med": 0.014705,
            "max": 8.217882,
            "p(90)": 0.026659299999999986
        },
        "http_req_blocked": {
            "min": 0.000739,
            "med": 0.001484,
            "max": 1037.356938,
            "p(90)": 0.002326,
            "p(95)": 0.003147,
            "p(99)": 0.0064872600000000094,
            "avg": 0.012136657204793276
        },
        "iteration_duration": {
            "max": 3491.83184,
            "p(90)": 13.5646874,
            "p(95)": 15.7838223,
            "p(99)": 24.04086076000005,
            "avg": 12.79394187023967,
            "min": 8.495005,
            "med": 10.7613
        },
        "iterations": {
            "count": 293387,
            "rate": 3258.760336536189
        },
        "server_membw_us": {
            "med": 71,
            "max": 16122,
            "p(90)": 80,
            "p(95)": 85,
            "p(99)": 104,
            "avg": 77.10780982115772,
            "min": 65
        },
        "http_req_connecting": {
            "med": 0,
            "max": 1037.323921,
            "p(90)": 0,
            "p(95)": 0,
            "p(99)": 0,
            "avg": 0.010350188733008846,
            "min": 0
        },
        "http_req_sending": {
            "max": 8.115075,
            "p(90)": 0.006984,
            "p(95)": 0.009898649999999965,
            "p(99)": 0.020450130000000004,
            "avg": 0.005530256946432721,
            "min": 0.00217,
            "med": 0.004508
        },
        "http_req_failed": {
            "passes": 0,
            "fails": 293388,
            "thresholds": {
                "rate<0.05": false
            },
            "value": 0
        }
    }
}