{
    "root_group": {
        "name": "",
        "path": "",
        "id": "d41d8cd98f00b204e9800998ecf8427e",
        "groups": {},
        "checks": {
                "status 200": {
                    "fails": 0,
                    "name": "status 200",
                    "path": "::status 200",
                    "id": "fad9fa412b86fcb03bee97c80dcd61f1",
                    "passes": 241791
                }
            }
    },
    "metrics": {
        "http_reqs": {
            "count": 241792,
            "rate": 2685.5524377361817
        },
        "http_req_sending": {
            "p(99)": 0.026492179999999994,
            "avg": 0.006615874123213359,
            "min": 0.002081,
            "med": 0.004469,
            "max": 4.706989,
            "p(90)": 0.011849,
            "p(95)": 0.016534449999999982
        },
        "http_req_tls_handshaking": {
            "p(95)": 0,
            "p(99)": 0,
            "avg": 0,
            "min": 0,
            "med": 0,
            "max": 0,
            "p(90)": 0
        },
        "http_req_duration{expected_response:true}": {
            "p(99)": 43.96135272,
            "avg": 15.44689008012647,
            "min": 8.637752,
            "med": 11.707731500000001,
            "max": 877.30023,
            "p(90)": 29.631744199999996,
            "p(95)": 37.130929
        },
        "data_received": {
            "count": 57829429,
            "rate": 642303.9803791748
        },
        "checks": {
            "passes": 241791,
            "fails": 0,
            "value": 1
        },
        "iteration_duration": {
            "max": 877.447578,
            "p(90)": 29.769698,
            "p(95)": 37.264133,
            "p(99)": 44.096326500000046,
            "avg": 15.526631726354548,
            "min": 8.703468,
            "med": 11.77675
        },
        "server_membw_us": {
            "med": 85,
            "max": 34845,
            "p(90)": 109,
            "p(95)": 144,
            "p(99)": 232,
            "avg": 120.34611710113279,
            "min": 64
        },
        "iterations": {
            "count": 241791,
            "rate": 2685.5413308656575
        },
        "vus_max": {
            "value": 50,
            "min": 50,
            "max": 50
        },
        "http_req_connecting": {
            "p(95)": 0,
            "p(99)": 0,
            "avg": 0.0031311109465987294,
            "min": 0,
            "med": 0,
            "max": 175.023743,
            "p(90)": 0
        },
        "http_req_receiving": {
            "p(99)": 0.08755077999999986,
            "avg": 0.022355679286328346,
            "min": 0.005045,
            "med": 0.014998,
            "max": 7.720221,
            "p(90)": 0.0383209,
            "p(95)": 0.05381314999999987
        },
        "http_req_duration": {
            "avg": 15.44689008012647,
            "min": 8.637752,
            "med": 11.707731500000001,
            "max": 877.30023,
            "p(90)": 29.631744199999996,
            "p(95)": 37.130929,
            "p(99)": 43.96135272,
            "thresholds": {
                "p(95)<5000": false,
                "p(99)<10000": false
            }
        },
        "data_sent": {
            "rate": 287353.88870036096,
            "count": 25871724
        },
        "http_req_waiting": {
            "max": 877.232929,
            "p(90)": 29.584604,
            "p(95)": 37.08288844999999,
            "p(99)": 43.913498,
            "avg": 15.417918526717239,
            "min": 8.623545,
            "med": 11.682992500000001
        },
        "vus": {
            "max": 50,
            "value": 1,
            "min": 1
        },
        "http_req_failed": {
            "passes": 0,
            "fails": 241792,
            "thresholds": {
                "rate<0.05": false
            },
            "value": 0
        },
        "http_req_blocked": {
            "p(95)": 0.005337,
            "p(99)": 0.007712089999999997,
            "avg": 0.005209018247088346,
            "min": 0.000688,
            "med": 0.001481,
            "max": 175.079273,
            "p(90)": 0.003976
        }
    }
}