{
    "root_group": {
        "checks": {
            "status 200": {
                "id": "fad9fa412b86fcb03bee97c80dcd61f1",
                "passes": 311486,
                "fails": 0,
                "name": "status 200",
                "path": "::status 200"
            }
        },
        "name": "",
        "path": "",
        "id": "d41d8cd98f00b204e9800998ecf8427e",
        "groups": {}
    },
    "metrics": {
        "data_sent": {
            "count": 31771654,
            "rate": 352889.0156910379
        },
        "vus_max": {
            "value": 50,
            "min": 50,
            "max": 50
        },
        "checks": {
            "passes": 311486,
            "fails": 0,
            "value": 1
        },
        "http_reqs": {
            "count": 311487,
            "rate": 3459.698410115958
        },
        "http_req_receiving": {
            "med": 0.014439,
            "max": 4.55464,
            "p(90)": 0.02222180000000005,
            "p(95)": 0.026918,
            "p(99)": 0.07266590000000049,
            "avg": 0.017632047790116442,
            "min": 0.005763
        },
        "iteration_duration": {
            "avg": 12.07377952553574,
            "min": 8.549763,
            "med": 10.559293,
            "max": 2804.550826,
            "p(90)": 12.507327,
            "p(95)": 13.598574249999999,
            "p(99)": 19.04271005000002
        },
        "http_req_connecting": {
            "p(90)": 0,
            "p(95)": 0,
            "p(99)": 0,
            "avg": 0.0060807826137206375,
            "min": 0,
            "med": 0,
            "max": 1013.079932
        },
        "http_req_sending": {
            "avg": 0.005532829687916457,
            "min": 0.002114,
            "med": 0.004555,
            "max": 9.063113,
            "p(90)": 0.006552,
            "p(95)": 0.007765700000000012,
            "p(99)": 0.019675840000000087
        },
        "data_received": {
            "count": 75392880,
            "rate": 837391.6955444792
        },
        "http_req_waiting": {
            "max": 2804.460683,
            "p(90)": 12.413329800000001,
            "p(95)": 13.499783,
            "p(99)": 18.884865080000097,
            "avg": 11.980512865047192,
            "min": 8.49667,
            "med": 10.472719
        },
        "server_membw_us": {
            "med": 65,
            "max": 3210,
            "p(90)": 80,
            "p(95)": 95,
            "p(99)": 162,
            "avg": 69.9846317330474,
            "min": 58
        },
        "http_req_duration{expected_response:true}": {
            "p(95)": 13.5247337,
            "p(99)": 18.912064740000027,
            "avg": 12.00367774252558,
            "min": 8.511914,
            "med": 10.495085,
            "max": 2804.482737,
            "p(90)": 12.4381056
        },
        "iterations": {
            "count": 311486,
            "rate": 3459.6873030764664
        },
        "vus": {
            "value": 1,
            "min": 1,
            "max": 50
        },
        "http_req_duration": {
            "avg": 12.00367774252558,
            "min": 8.511914,
            "med": 10.495085,
            "max": 2804.482737,
            "p(90)": 12.4381056,
            "p(95)": 13.5247337,
            "p(99)": 18.912064740000027,
            "thresholds": {
                "p(95)<5000": false,
                "p(99)<10000": false
            }
        },
        "http_req_failed": {
            "passes": 0,
            "fails": 311487,
            "thresholds": {
                "rate<0.05": false
            },
            "value": 0
        },
        "http_req_blocked": {
            "p(95)": 0.002606,
            "p(99)": 0.006699,
            "avg": 0.007849610404286653,
            "min": 0.000724,
            "med": 0.001562,
            "max": 1013.124425,
            "p(90)": 0.002233
        },
        "http_req_tls_handshaking": {
            "p(99)": 0,
            "avg": 0,
            "min": 0,
            "med": 0,
            "max": 0,
            "p(90)": 0,
            "p(95)": 0
        }
    }
}