{
    "root_group": {
        "checks": {
            "status 200": {
                "passes": 320548,
                "fails": 0,
                "name": "status 200",
                "path": "::status 200",
                "id": "fad9fa412b86fcb03bee97c80dcd61f1"
            }
        },
        "name": "",
        "path": "",
        "id": "d41d8cd98f00b204e9800998ecf8427e",
        "groups": {}
    },
    "metrics": {
        "http_req_blocked": {
            "p(99)": 0.008003040000000038,
            "avg": 0.004109729816657941,
            "min": 0.000748,
            "med": 0.002094,
            "max": 14.284035,
            "p(90)": 0.003105,
            "p(95)": 0.00377
        },
        "http_req_waiting": {
            "avg": 11.586939849314687,
            "min": 8.524251,
            "med": 10.573557,
            "max": 441.209979,
            "p(90)": 13.598957400000003,
            "p(95)": 16.07910779999997,
            "p(99)": 23.503329000000065
        },
        "iteration_duration": {
            "med": 10.691468,
            "max": 441.354642,
            "p(90)": 13.735042,
            "p(95)": 16.234773049999994,
            "p(99)": 23.661084569999904,
            "avg": 11.70821161778856,
            "min": 8.594476
        },
        "vus": {
            "value": 1,
            "min": 1,
            "max": 50
        },
        "http_req_tls_handshaking": {
            "max": 0,
            "p(90)": 0,
            "p(95)": 0,
            "p(99)": 0,
            "avg": 0,
            "min": 0,
            "med": 0
        },
        "iterations": {
            "rate": 3560.530612672893,
            "count": 320548
        },
        "http_req_connecting": {
            "med": 0,
            "max": 14.249945,
            "p(90)": 0,
            "p(95)": 0,
            "p(99)": 0,
            "avg": 0.0016759404989564778,
            "min": 0
        },
        "checks": {
            "fails": 0,
            "passes": 320548,
            "value": 1
        },
        "http_req_duration{expected_response:true}": {
            "p(95)": 16.113597799999994,
            "p(99)": 23.552592480000015,
            "avg": 11.617882679371673,
            "min": 8.542558,
            "med": 10.60362,
            "max": 441.240786,
            "p(90)": 13.6330398
        },
        "http_req_receiving": {
            "p(90)": 0.030407200000000013,
            "p(95)": 0.036462,
            "p(99)": 0.08008220000000019,
            "avg": 0.023443604353780338,
            "min": 0.005749,
            "med": 0.019457,
            "max": 10.220219
        },
        "data_sent": {
            "count": 33657625,
            "rate": 373856.6584797424
        },
        "server_membw_us": {
            "avg": 67.7630152114504,
            "min": 54,
            "med": 60,
            "max": 20582,
            "p(90)": 70,
            "p(95)": 80,
            "p(99)": 117
        },
        "http_req_duration": {
            "max": 441.240786,
            "p(90)": 13.6330398,
            "p(95)": 16.113597799999994,
            "p(99)": 23.552592480000015,
            "avg": 11.617882679371673,
            "min": 8.542558,
            "med": 10.60362,
            "thresholds": {
                "p(99)<10000": false,
                "p(95)<5000": false
            }
        },
        "vus_max": {
            "value": 50,
            "min": 50,
            "max": 50
        },
        "http_req_sending": {
            "med": 0.00615,
            "max": 6.436822,
            "p(90)": 0.009203,
            "p(95)": 0.011708,
            "p(99)": 0.02476220000000019,
            "avg": 0.007499225703402753,
            "min": 0.002281
        },
        "http_req_failed": {
            "passes": 0,
            "fails": 320549,
            "thresholds": {
                "rate<0.05": false
            },
            "value": 0
        },
        "http_reqs": {
            "count": 320549,
            "rate": 3560.54172030923
        },
        "data_received": {
            "rate": 861734.0259277286,
            "count": 77580324
        }
    }
}