{
    "root_group": {
        "groups": {},
        "checks": {
                "status 200": {
                    "id": "fad9fa412b86fcb03bee97c80dcd61f1",
                    "passes": 309294,
                    "fails": 0,
                    "name": "status 200",
                    "path": "::status 200"
                }
            },
        "name": "",
        "path": "",
        "id": "d41d8cd98f00b204e9800998ecf8427e"
    },
    "metrics": {
        "http_req_failed": {
            "passes": 0,
            "fails": 309295,
            "thresholds": {
                "rate<0.05": false
            },
            "value": 0
        },
        "http_reqs": {
            "count": 309295,
            "rate": 3435.51004151816
        },
        "http_req_duration{expected_response:true}": {
            "avg": 12.075122106836705,
            "min": 8.507881,
            "med": 10.528534,
            "max": 1766.133783,
            "p(90)": 12.5180042,
            "p(95)": 13.693436399999998,
            "p(99)": 20.45055498
        },
        "vus": {
            "value": 1,
            "min": 1,
            "max": 50
        },
        "http_req_tls_handshaking": {
            "avg": 0,
            "min": 0,
            "med": 0,
            "max": 0,
            "p(90)": 0,
            "p(95)": 0,
            "p(99)": 0
        },
        "server_membw_us": {
            "max": 4870,
            "p(90)": 89,
            "p(95)": 98,
            "p(99)": 125,
            "avg": 78.98772042134668,
            "min": 69,
            "med": 76
        },
        "vus_max": {
            "value": 50,
            "min": 50,
            "max": 50
        },
        "http_req_sending": {
            "p(90)": 0.006568,
            "p(95)": 0.007988,
            "p(99)": 0.019166059999999995,
            "avg": 0.005395802108019828,
            "min": 0.002164,
            "med": 0.004467,
            "max": 7.218813
        },
        "http_req_receiving": {
            "min": 0.005397,
            "med": 0.014317,
            "max": 8.769152,
            "p(90)": 0.022821,
            "p(95)": 0.028434,
            "p(99)": 0.06893911999999999,
            "avg": 0.01787427852373937
        },
        "data_sent": {
            "count": 31548070,
            "rate": 350421.8020838288
        },
        "checks": {
            "passes": 309294,
            "fails": 0,
            "value": 1
        },
        "http_req_duration": {
            "min": 8.507881,
            "med": 10.528534,
            "max": 1766.133783,
            "p(90)": 12.5180042,
            "p(95)": 13.693436399999998,
            "p(99)": 20.45055498,
            "avg": 12.075122106836705,
            "thresholds": {
                "p(95)<5000": false,
                "p(99)<10000": false
            }
        },
        "iterations": {
            "count": 309294,
            "rate": 3435.4989339669823
        },
        "http_req_connecting": {
            "med": 0,
            "max": 204.982872,
            "p(90)": 0,
            "p(95)": 0,
            "p(99)": 0,
            "avg": 0.0024610498908808737,
            "min": 0
        },
        "http_req_waiting": {
            "p(95)": 13.666387499999997,
            "p(99)": 20.392882039999996,
            "avg": 12.051852026204694,
            "min": 8.486132,
            "med": 10.506781,
            "max": 1766.115856,
            "p(90)": 12.493236200000002
        },
        "iteration_duration": {
            "med": 10.590978,
            "max": 1766.181179,
            "p(90)": 12.5876112,
            "p(95)": 13.770358499999993,
            "p(99)": 20.599346660000016,
            "avg": 12.141020674258288,
            "min": 8.561216
        },
        "http_req_blocked": {
            "med": 0.001541,
            "max": 205.016354,
            "p(90)": 0.002246,
            "p(95)": 0.002691,
            "p(99)": 0.006769,
            "avg": 0.0042491064226706345,
            "min": 0.000707
        },
        "data_received": {
            "count": 73935320,
            "rate": 821240.3507423607
        }
    }
}