{
    "root_group": {
        "name": "",
        "path": "",
        "id": "d41d8cd98f00b204e9800998ecf8427e",
        "groups": {},
        "checks": {
                "status 200": {
                    "path": "::status 200",
                    "id": "fad9fa412b86fcb03bee97c80dcd61f1",
                    "passes": 312126,
                    "fails": 0,
                    "name": "status 200"
                }
            }
    },
    "metrics": {
        "http_req_tls_handshaking": {
            "avg": 0,
            "min": 0,
            "med": 0,
            "max": 0,
            "p(90)": 0,
            "p(95)": 0,
            "p(99)": 0
        },
        "http_req_failed": {
            "fails": 312127,
            "passes": 0,
            "thresholds": {
                "rate<0.05": false
            },
            "value": 0
        },
        "iterations": {
            "count": 312126,
            "rate": 3467.137789787875
        },
        "vus": {
            "min": 1,
            "max": 50,
            "value": 1
        },
        "vus_max": {
            "value": 50,
            "min": 50,
            "max": 50
        },
        "data_sent": {
            "rate": 367517.5610171371,
            "count": 33085442
        },
        "http_req_blocked": {
            "p(99)": 0.006520479999999981,
            "avg": 0.01072000237403412,
            "min": 0.000774,
            "med": 0.001936,
            "max": 1061.468052,
            "p(90)": 0.002701,
            "p(95)": 0.0030777000000000118
        },
        "http_req_duration": {
            "max": 891.672092,
            "p(90)": 12.8857262,
            "p(95)": 14.180726400000003,
            "p(99)": 18.89974579999999,
            "avg": 11.93871705371855,
            "min": 8.630932,
            "med": 10.598961,
            "thresholds": {
                "p(95)<5000": false,
                "p(99)<10000": false
            }
        },
        "http_req_sending": {
            "max": 4.619463,
            "p(90)": 0.008106,
            "p(95)": 0.009327,
            "p(99)": 0.016663479999999984,
            "avg": 0.006582069154542954,
            "min": 0.002253,
            "med": 0.005774
        },
        "checks": {
            "passes": 312126,
            "fails": 0,
            "value": 1
        },
        "http_req_waiting": {
            "avg": 11.910989827374632,
            "min": 8.597211,
            "med": 10.572125,
            "max": 891.64383,
            "p(90)": 12.8561278,
            "p(95)": 14.151127500000005,
            "p(99)": 18.83753165999996
        },
        "data_received": {
            "rate": 829398.5967803528,
            "count": 74665872
        },
        "http_reqs": {
            "count": 312127,
            "rate": 3467.1488979230185
        },
        "http_req_connecting": {
            "p(95)": 0,
            "p(99)": 0,
            "avg": 0.008580291134698378,
            "min": 0,
            "med": 0,
            "max": 1061.411033,
            "p(90)": 0
        },
        "http_req_duration{expected_response:true}": {
            "avg": 11.93871705371855,
            "min": 8.630932,
            "med": 10.598961,
            "max": 891.672092,
            "p(90)": 12.8857262,
            "p(95)": 14.180726400000003,
            "p(99)": 18.89974579999999
        },
        "server_membw_us": {
            "avg": 94.26072803931746,
            "min": 66,
            "med": 75,
            "max": 1928,
            "p(90)": 168,
            "p(95)": 181,
            "p(99)": 217
        },
        "http_req_receiving": {
            "p(99)": 0.052067,
            "avg": 0.02114515718922075,
            "min": 0.005891,
            "med": 0.018184,
            "max": 9.969045,
            "p(90)": 0.026516,
            "p(95)": 0.030551
        },
        "iteration_duration": {
            "p(90)": 12.9719335,
            "p(95)": 14.270048,
            "p(99)": 19.05497875,
            "avg": 12.02529872867682,
            "min": 8.682528,
            "med": 10.6773075,
            "max": 1072.13132
        }
    }
}