{
    "metrics": {
        "vus_max": {
            "min": 50,
            "max": 50,
            "value": 50
        },
        "vus": {
            "value": 1,
            "min": 1,
            "max": 50
        },
        "http_req_duration": {
            "min": 8.622539,
            "med": 12.0730115,
            "max": 439.627518,
            "p(90)": 27.401134200000005,
            "p(95)": 32.24632819999999,
            "p(99)": 40.663328109999995,
            "avg": 16.252160990546926,
            "thresholds": {
                "p(95)<5000": false,
                "p(99)<10000": false
            }
        },
        "server_membw_us": {
            "min": 55,
            "med": 80,
            "max": 36890,
            "p(90)": 120,
            "p(95)": 153,
            "p(99)": 263,
            "avg": 127.4093609501965
        },
        "http_req_tls_handshaking": {
            "avg": 0,
            "min": 0,
            "med": 0,
            "max": 0,
            "p(90)": 0,
            "p(95)": 0,
            "p(99)": 0
        },
        "http_req_duration{expected_response:true}": {
            "avg": 16.252160990546926,
            "min": 8.622539,
            "med": 12.0730115,
            "max": 439.627518,
            "p(90)": 27.401134200000005,
            "p(95)": 32.24632819999999,
            "p(99)": 40.663328109999995
        },
        "http_reqs": {
            "count": 229764,
            "rate": 2552.181033990978
        },
        "http_req_failed": {
            "passes": 0,
            "fails": 229764,
            "thresholds": {
                "rate<0.05": false
            },
            "value": 0
        },
        "http_req_blocked": {
            "p(99)": 0.007666,
            "avg": 0.010211184101947959,
            "min": 0.000692,
            "med": 0.00158,
            "max": 1033.623924,
            "p(90)": 0.003437,
            "p(95)": 0.005002
        },
        "http_req_sending": {
            "p(99)": 0.025807,
            "avg": 0.0065520931303424314,
            "min": 0.002045,
            "med": 0.004784,
            "max": 4.04035,
            "p(90)": 0.010602,
            "p(95)": 0.015197849999999976
        },
        "http_req_receiving": {
            "min": 0.005609,
            "med": 0.016019,
            "max": 15.439511,
            "p(90)": 0.036073,
            "p(95)": 0.050932849999999974,
            "p(99)": 0.08589684999999998,
            "avg": 0.022373145927995008
        },
        "checks": {
            "passes": 229763,
            "fails": 0,
            "value": 1
        },
        "iterations": {
            "count": 229763,
            "rate": 2552.1699261540934
        },
        "data_received": {
            "count": 55642321,
            "rate": 618065.8255576936
        },
        "data_sent": {
            "count": 24584728,
            "rate": 273083.14848029695
        },
        "iteration_duration": {
            "max": 1046.823881,
            "p(90)": 27.504339800000007,
            "p(95)": 32.3378763,
            "p(99)": 40.76401844,
            "avg": 16.338255564555787,
            "min": 8.673099,
            "med": 12.147662
        },
        "http_req_connecting": {
            "avg": 0.008104609951950696,
            "min": 0,
            "med": 0,
            "max": 1033.575965,
            "p(90)": 0,
            "p(95)": 0,
            "p(99)": 0
        },
        "http_req_waiting": {
            "p(90)": 27.3675652,
            "p(95)": 32.212617149999986,
            "p(99)": 40.6311714,
            "avg": 16.223235751488414,
            "min": 8.60644,
            "med": 12.047623,
            "max": 439.609969
        }
    },
    "root_group": {
        "groups": {},
        "checks": {
                "status 200": {
                    "fails": 0,
                    "name": "status 200",
                    "path": "::status 200",
                    "id": "fad9fa412b86fcb03bee97c80dcd61f1",
                    "passes": 229763
                }
            },
        "name": "",
        "path": "",
        "id": "d41d8cd98f00b204e9800998ecf8427e"
    }
}