{
    "metrics": {
        "server_membw_us": {
            "p(95)": 649,
            "p(99)": 25627.150000000038,
            "avg": 1091.3450542969156,
            "min": 520,
            "med": 552,
            "max": 29138,
            "p(90)": 597
        },
        "data_received": {
            "rate": 163939.8008715898,
            "count": 14759985
        },
        "http_req_waiting": {
            "min": 9.394331,
            "med": 64.209742,
            "max": 506.766715,
            "p(90)": 90.2312708,
            "p(95)": 91.3125355,
            "p(99)": 94.26342131999999,
            "avg": 64.99062687223946
        },
        "http_req_blocked": {
            "max": 24.526111,
            "p(90)": 0.00595,
            "p(95)": 0.006875,
            "p(99)": 0.01114076000000004,
            "avg": 0.012721245285964572,
            "min": 0.000776,
            "med": 0.001817
        },
        "iteration_duration": {
            "avg": 65.15262173533254,
            "min": 9.480856,
            "med": 64.3363865,
            "max": 506.866125,
            "p(90)": 90.39113,
            "p(95)": 91.47083275,
            "p(99)": 94.4169571
        },
        "iterations": {
            "count": 57646,
            "rate": 640.2766507583623
        },
        "data_sent": {
            "count": 6052915,
            "rate": 67229.99242835674
        },
        "http_req_duration": {
            "avg": 65.0353953996391,
            "min": 9.41889,
            "med": 64.240848,
            "max": 506.798156,
            "p(90)": 90.2794462,
            "p(95)": 91.3601079,
            "p(99)": 94.29315618,
            "thresholds": {
                "p(95)<5000": false,
                "p(99)<10000": false
            }
        },
        "http_req_failed": {
            "passes": 0,
            "fails": 57647,
            "thresholds": {
                "rate<0.05": false
            },
            "value": 0
        },
        "http_reqs": {
            "count": 57647,
            "rate": 640.2877578022293
        },
        "http_req_duration{expected_response:true}": {
            "p(95)": 91.3601079,
            "p(99)": 94.29315618,
            "avg": 65.0353953996391,
            "min": 9.41889,
            "med": 64.240848,
            "max": 506.798156,
            "p(90)": 90.2794462
        },
        "http_req_sending": {
            "min": 0.002265,
            "med": 0.00558,
            "max": 0.937005,
            "p(90)": 0.020057,
            "p(95)": 0.023448,
            "p(99)": 0.03388656000000001,
            "avg": 0.009358383593248634
        },
        "http_req_tls_handshaking": {
            "min": 0,
            "med": 0,
            "max": 0,
            "p(90)": 0,
            "p(95)": 0,
            "p(99)": 0,
            "avg": 0
        },
        "http_req_connecting": {
            "avg": 0.009716309487050497,
            "min": 0,
            "med": 0,
            "max": 24.45017,
            "p(90)": 0,
            "p(95)": 0,
            "p(99)": 0
        },
        "http_req_receiving": {
            "p(90)": 0.070529,
            "p(95)": 0.08319469999999997,
            "p(99)": 0.10968450000000002,
            "avg": 0.035410143806268904,
            "min": 0.006758,
            "med": 0.024791,
            "max": 2.266081
        },
        "checks": {
            "fails": 0,
            "passes": 57646,
            "value": 1
        },
        "vus": {
            "value": 1,
            "min": 1,
            "max": 50
        },
        "vus_max": {
            "value": 50,
            "min": 50,
            "max": 50
        }
    },
    "root_group": {
        "name": "",
        "path": "",
        "id": "d41d8cd98f00b204e9800998ecf8427e",
        "groups": {},
        "checks": {
                "status 200": {
                    "fails": 0,
                    "name": "status 200",
                    "path": "::status 200",
                    "id": "fad9fa412b86fcb03bee97c80dcd61f1",
                    "passes": 57646
                }
            }
    }
}