{
    "metrics": {
        "http_req_tls_handshaking": {
            "max": 0,
            "p(90)": 0,
            "p(95)": 0,
            "p(99)": 0,
            "avg": 0,
            "min": 0,
            "med": 0
        },
        "data_sent": {
            "count": 4338895,
            "rate": 48196.709879605434
        },
        "http_req_duration{expected_response:true}": {
            "p(99)": 171.64423231999947,
            "avg": 90.7111249047744,
            "min": 9.51358,
            "med": 101.978723,
            "max": 1895.454374,
            "p(90)": 110.47375700000002,
            "p(95)": 146.6633383
        },
        "vus_max": {
            "max": 50,
            "value": 50,
            "min": 50
        },
        "http_req_failed": {
            "passes": 0,
            "fails": 41323,
            "thresholds": {
                "rate<0.05": false
            },
            "value": 0
        },
        "vus": {
            "max": 50,
            "value": 1,
            "min": 1
        },
        "http_req_sending": {
            "avg": 0.009721942017762447,
            "min": 0.002298,
            "med": 0.005777,
            "max": 3.902933,
            "p(90)": 0.019552,
            "p(95)": 0.022655800000000004,
            "p(99)": 0.03252317999999991
        },
        "http_req_waiting": {
            "max": 1894.217454,
            "p(90)": 110.4280258,
            "p(95)": 146.56017740000001,
            "p(99)": 171.60050809999944,
            "avg": 90.66595741843467,
            "min": 9.492471,
            "med": 101.940256
        },
        "server_membw_us": {
            "p(95)": 1133,
            "p(99)": 31846.27000000001,
            "avg": 1520.6867528193213,
            "min": 704,
            "med": 752,
            "max": 54166,
            "p(90)": 836
        },
        "data_received": {
            "count": 9961980,
            "rate": 110658.28048072879
        },
        "http_req_blocked": {
            "p(99)": 0.009305119999999995,
            "avg": 0.07430564559688298,
            "min": 0.000758,
            "med": 0.001887,
            "max": 1418.634668,
            "p(90)": 0.005627800000000003,
            "p(95)": 0.006584
        },
        "http_req_connecting": {
            "p(90)": 0,
            "p(95)": 0,
            "p(99)": 0,
            "avg": 0.0712878715001331,
            "min": 0,
            "med": 0,
            "max": 1415.368267
        },
        "iterations": {
            "count": 41322,
            "rate": 459.0072923278982
        },
        "http_reqs": {
            "count": 41323,
            "rate": 459.0184003887938
        },
        "checks": {
            "fails": 0,
            "passes": 41322,
            "value": 1
        },
        "http_req_receiving": {
            "med": 0.024735,
            "max": 6.9423,
            "p(90)": 0.0658548,
            "p(95)": 0.07920010000000004,
            "p(99)": 0.10620825999999998,
            "avg": 0.03544554432156428,
            "min": 0.007288
        },
        "iteration_duration": {
            "avg": 90.89249885620197,
            "min": 9.587843,
            "med": 102.07641849999999,
            "max": 1895.545508,
            "p(90)": 110.5965834,
            "p(95)": 146.8365145,
            "p(99)": 172.02467777000007
        },
        "http_req_duration": {
            "p(90)": 110.47375700000002,
            "p(95)": 146.6633383,
            "p(99)": 171.64423231999947,
            "avg": 90.7111249047744,
            "min": 9.51358,
            "med": 101.978723,
            "max": 1895.454374,
            "thresholds": {
                "p(95)<5000": false,
                "p(99)<10000": false
            }
        }
    },
    "root_group": {
        "name": "",
        "path": "",
        "id": "d41d8cd98f00b204e9800998ecf8427e",
        "groups": {},
        "checks": {
                "status 200": {
                    "name": "status 200",
                    "path": "::status 200",
                    "id": "fad9fa412b86fcb03bee97c80dcd61f1",
                    "passes": 41322,
                    "fails": 0
                }
            }
    }
}