{
    "metrics": {
        "iteration_duration": {
            "p(95)": 20.71657039999999,
            "p(99)": 25.689341869999982,
            "avg": 14.932628094352618,
            "min": 9.380059,
            "med": 14.2865115,
            "max": 490.728476,
            "p(90)": 18.4978368
        },
        "http_req_tls_handshaking": {
            "med": 0,
            "max": 0,
            "p(90)": 0,
            "p(95)": 0,
            "p(99)": 0,
            "avg": 0,
            "min": 0
        },
        "data_sent": {
            "count": 26641490,
            "rate": 295903.09097611957
        },
        "http_req_blocked": {
            "avg": 0.004945080525991023,
            "min": 0.000761,
            "med": 0.002257,
            "max": 17.102863,
            "p(90)": 0.003584,
            "p(95)": 0.004231,
            "p(99)": 0.010289320000000008
        },
        "http_req_duration": {
            "p(99)": 25.580320360000005,
            "avg": 14.830166962293179,
            "min": 9.314998,
            "med": 14.186958,
            "max": 490.617106,
            "p(90)": 18.3847856,
            "p(95)": 20.5935538,
            "thresholds": {
                "p(95)<5000": false,
                "p(99)<10000": false
            }
        },
        "iterations": {
            "count": 251334,
            "rate": 2791.529582894652
        },
        "http_req_waiting": {
            "p(90)": 18.3383572,
            "p(95)": 20.5444062,
            "p(99)": 25.522857720000005,
            "avg": 14.789579426068748,
            "min": 9.286454,
            "med": 14.147921,
            "max": 490.573973
        },
        "http_req_failed": {
            "passes": 0,
            "fails": 251335,
            "thresholds": {
                "rate<0.05": false
            },
            "value": 0
        },
        "http_req_receiving": {
            "p(95)": 0.044628,
            "p(99)": 0.09905798000000018,
            "avg": 0.031140002108739063,
            "min": 0.006922,
            "med": 0.023584,
            "max": 14.535686,
            "p(90)": 0.037752600000000004
        },
        "vus_max": {
            "value": 50,
            "min": 50,
            "max": 50
        },
        "http_req_sending": {
            "min": 0.002343,
            "med": 0.006886,
            "max": 8.432778,
            "p(90)": 0.011317600000000006,
            "p(95)": 0.013837,
            "p(99)": 0.03069150000000009,
            "avg": 0.009447534115821473
        },
        "server_membw_us": {
            "p(99)": 1804,
            "avg": 779.7087182792618,
            "min": 523,
            "med": 735,
            "max": 14567,
            "p(90)": 867,
            "p(95)": 964
        },
        "checks": {
            "passes": 251334,
            "fails": 0,
            "value": 1
        },
        "vus": {
            "value": 1,
            "min": 1,
            "max": 50
        },
        "data_received": {
            "count": 64352739,
            "rate": 714756.358705143
        },
        "http_req_connecting": {
            "p(95)": 0,
            "p(99)": 0,
            "avg": 0.002215141424791613,
            "min": 0,
            "med": 0,
            "max": 17.014151,
            "p(90)": 0
        },
        "http_reqs": {
            "count": 251335,
            "rate": 2791.54068974682
        },
        "http_req_duration{expected_response:true}": {
            "p(90)": 18.3847856,
            "p(95)": 20.5935538,
            "p(99)": 25.580320360000005,
            "avg": 14.830166962293179,
            "min": 9.314998,
            "med": 14.186958,
            "max": 490.617106
        }
    },
    "root_group": {
        "name": "",
        "path": "",
        "id": "d41d8cd98f00b204e9800998ecf8427e",
        "groups": {},
        "checks": {
                "status 200": {
                    "name": "status 200",
                    "path": "::status 200",
                    "id": "fad9fa412b86fcb03bee97c80dcd61f1",
                    "passes": 251334,
                    "fails": 0
                }
            }
    }
}