{
    "root_group": {
        "name": "",
        "path": "",
        "id": "d41d8cd98f00b204e9800998ecf8427e",
        "groups": {},
        "checks": {
                "status 200": {
                    "fails": 0,
                    "name": "status 200",
                    "path": "::status 200",
                    "id": "fad9fa412b86fcb03bee97c80dcd61f1",
                    "passes": 21581
                }
            }
    },
    "metrics": {
        "http_req_failed": {
            "passes": 0,
            "fails": 21582,
            "thresholds": {
                "rate<0.05": false
            },
            "value": 0
        },
        "http_req_duration{expected_response:true}": {
            "avg": 173.9684277676763,
            "min": 10.232408,
            "med": 183.1497445,
            "max": 471.135632,
            "p(90)": 287.3632777,
            "p(95)": 300.072044,
            "p(99)": 340.9540899099995
        },
        "http_req_blocked": {
            "min": 0.000817,
            "med": 0.0031054999999999998,
            "max": 25.969797,
            "p(90)": 0.006310900000000001,
            "p(95)": 0.007085900000000002,
            "p(99)": 0.011542899999999856,
            "avg": 0.030079852469650427
        },
        "vus": {
            "max": 50,
            "value": 1,
            "min": 1
        },
        "http_req_waiting": {
            "p(99)": 340.8623845399995,
            "avg": 173.9098993443155,
            "min": 10.193287,
            "med": 183.1061595,
            "max": 471.075259,
            "p(90)": 287.2726543,
            "p(95)": 300.00481444999997
        },
        "vus_max": {
            "value": 50,
            "min": 50,
            "max": 50
        },
        "http_req_tls_handshaking": {
            "med": 0,
            "max": 0,
            "p(90)": 0,
            "p(95)": 0,
            "p(99)": 0,
            "avg": 0,
            "min": 0
        },
        "data_received": {
            "rate": 57966.987939598206,
            "count": 5219451
        },
        "http_req_duration": {
            "p(95)": 300.072044,
            "p(99)": 340.9540899099995,
            "avg": 173.9684277676763,
            "min": 10.232408,
            "med": 183.1497445,
            "max": 471.135632,
            "p(90)": 287.3632777,
            "thresholds": {
                "p(95)<5000": false,
                "p(99)<10000": false
            }
        },
        "http_req_connecting": {
            "min": 0,
            "med": 0,
            "max": 25.863078,
            "p(90)": 0,
            "p(95)": 0,
            "p(99)": 0,
            "avg": 0.026167390603280508
        },
        "iteration_duration": {
            "p(99)": 341.1602570000003,
            "avg": 174.13967866609488,
            "min": 10.344294,
            "med": 183.276427,
            "max": 481.525643,
            "p(90)": 287.569003,
            "p(95)": 300.232099
        },
        "http_req_receiving": {
            "min": 0.007713,
            "med": 0.042687,
            "max": 0.887087,
            "p(90)": 0.080598,
            "p(95)": 0.0913448,
            "p(99)": 0.11345569999999995,
            "avg": 0.046168676628672065
        },
        "http_req_sending": {
            "max": 0.365739,
            "p(90)": 0.022178,
            "p(95)": 0.024776850000000003,
            "p(99)": 0.0362420099999999,
            "avg": 0.012359746733389002,
            "min": 0.00243,
            "med": 0.010136
        },
        "http_reqs": {
            "count": 21582,
            "rate": 239.68872084677267
        },
        "iterations": {
            "count": 21581,
            "rate": 239.67761489177096
        },
        "data_sent": {
            "rate": 25646.471011504644,
            "count": 2309254
        },
        "server_membw_us": {
            "med": 1107,
            "max": 51080,
            "p(90)": 2992,
            "p(95)": 8079,
            "p(99)": 45488.600000000006,
            "avg": 3053.7249895741625,
            "min": 921
        },
        "checks": {
            "passes": 21581,
            "fails": 0,
            "value": 1
        }
    }
}