{
    "root_group": {
        "name": "",
        "path": "",
        "id": "d41d8cd98f00b204e9800998ecf8427e",
        "groups": {},
        "checks": {
                "status 200": {
                    "id": "fad9fa412b86fcb03bee97c80dcd61f1",
                    "passes": 32565,
                    "fails": 0,
                    "name": "status 200",
                    "path": "::status 200"
                }
            }
    },
    "metrics": {
        "iterations": {
            "count": 32565,
            "rate": 361.69426956665995
        },
        "http_req_tls_handshaking": {
            "min": 0,
            "med": 0,
            "max": 0,
            "p(90)": 0,
            "p(95)": 0,
            "p(99)": 0,
            "avg": 0
        },
        "http_req_duration{expected_response:true}": {
            "min": 9.664775,
            "med": 109.1272075,
            "max": 1028.265882,
            "p(90)": 192.13860549999998,
            "p(95)": 202.2019365,
            "p(99)": 256.91336514999983,
            "avg": 115.28329419268606
        },
        "data_received": {
            "count": 8346428,
            "rate": 92702.44676648913
        },
        "http_req_failed": {
            "passes": 0,
            "fails": 32566,
            "thresholds": {
                "rate<0.05": false
            },
            "value": 0
        },
        "http_reqs": {
            "count": 32566,
            "rate": 361.7053764074266
        },
        "http_req_connecting": {
            "p(90)": 0,
            "p(95)": 0,
            "p(99)": 0,
            "avg": 0.017021567585825712,
            "min": 0,
            "med": 0,
            "max": 13.865951
        },
        "http_req_sending": {
            "p(99)": 0.031548049999999904,
            "avg": 0.01011956417736298,
            "min": 0.002265,
            "med": 0.006393,
            "max": 0.388112,
            "p(90)": 0.020655,
            "p(95)": 0.023504
        },
        "http_req_duration": {
            "avg": 115.28329419268606,
            "min": 9.664775,
            "med": 109.1272075,
            "max": 1028.265882,
            "p(90)": 192.13860549999998,
            "p(95)": 202.2019365,
            "p(99)": 256.91336514999983,
            "thresholds": {
                "p(95)<5000": false,
                "p(99)<10000": false
            }
        },
        "http_req_waiting": {
            "avg": 115.23369299229245,
            "min": 9.603638,
            "med": 109.084059,
            "max": 1028.236573,
            "p(90)": 192.086816,
            "p(95)": 202.162824,
            "p(99)": 256.82261574999984
        },
        "http_req_receiving": {
            "med": 0.02852,
            "max": 0.675648,
            "p(90)": 0.075986,
            "p(95)": 0.09098824999999999,
            "p(99)": 0.11212289999999997,
            "avg": 0.039481636215685026,
            "min": 0.007721
        },
        "checks": {
            "passes": 32565,
            "fails": 0,
            "value": 1
        },
        "iteration_duration": {
            "p(99)": 257.21668712,
            "avg": 115.41733889424168,
            "min": 9.769504,
            "med": 109.225213,
            "max": 1028.360566,
            "p(90)": 192.2637642,
            "p(95)": 202.3345598
        },
        "vus": {
            "value": 1,
            "min": 1,
            "max": 50
        },
        "vus_max": {
            "min": 50,
            "max": 50,
            "value": 50
        },
        "data_sent": {
            "count": 3484542,
            "rate": 38702.25313877931
        },
        "http_req_blocked": {
            "min": 0.000772,
            "med": 0.002051,
            "max": 13.982122,
            "p(90)": 0.0059375,
            "p(95)": 0.00668,
            "p(99)": 0.00948889999999992,
            "avg": 0.02020188478781568
        },
        "server_membw_us": {
            "avg": 1873.632703823123,
            "min": 674,
            "med": 764,
            "max": 53397,
            "p(90)": 1886,
            "p(95)": 2130,
            "p(99)": 46684.72
        }
    }
}