{
    "root_group": {
        "path": "",
        "id": "d41d8cd98f00b204e9800998ecf8427e",
        "groups": {},
        "checks": {
                "status 200": {
                    "name": "status 200",
                    "path": "::status 200",
                    "id": "fad9fa412b86fcb03bee97c80dcd61f1",
                    "passes": 136630,
                    "fails": 0
                }
            },
        "name": ""
    },
    "metrics": {
        "http_reqs": {
            "count": 136631,
            "rate": 1517.5789721843191
        },
        "http_req_blocked": {
            "p(95)": 0.002592,
            "p(99)": 0.006541,
            "avg": 0.00611282058976345,
            "min": 0.000708,
            "med": 0.001494,
            "max": 92.546349,
            "p(90)": 0.00216
        },
        "http_req_receiving": {
            "med": 0.016054,
            "max": 1.55547,
            "p(90)": 0.028483,
            "p(95)": 0.034275,
            "p(99)": 0.06510470000000025,
            "avg": 0.01854919860792942,
            "min": 0.005478
        },
        "checks": {
            "passes": 136630,
            "fails": 0,
            "value": 1
        },
        "vus": {
            "min": 1,
            "max": 50,
            "value": 1
        },
        "http_req_duration": {
            "p(95)": 44.1026075,
            "p(99)": 54.371500100000034,
            "avg": 27.41440092063285,
            "min": 9.82411,
            "med": 27.185265,
            "max": 438.062439,
            "p(90)": 39.898278,
            "thresholds": {
                "p(95)<5000": false,
                "p(99)<10000": false
            }
        },
        "http_req_sending": {
            "avg": 0.005058671589902685,
            "min": 0.002047,
            "med": 0.004447,
            "max": 2.358983,
            "p(90)": 0.00661,
            "p(95)": 0.0081695,
            "p(99)": 0.019822
        },
        "data_sent": {
            "rate": 154792.8330200991,
            "count": 13936342
        },
        "vus_max": {
            "value": 50,
            "min": 50,
            "max": 50
        },
        "iteration_duration": {
            "avg": 27.480836939844632,
            "min": 9.898583,
            "med": 27.244276,
            "max": 438.113169,
            "p(90)": 39.9619497,
            "p(95)": 44.168680999999985,
            "p(99)": 54.43305969999998
        },
        "http_req_failed": {
            "passes": 0,
            "fails": 136631,
            "thresholds": {
                "rate<0.05": false
            },
            "value": 0
        },
        "server_membw_us": {
            "p(99)": 4359,
            "avg": 1578.2490155895484,
            "min": 748,
            "med": 1479,
            "max": 13468,
            "p(90)": 1699,
            "p(95)": 2387
        },
        "http_req_duration{expected_response:true}": {
            "max": 438.062439,
            "p(90)": 39.898278,
            "p(95)": 44.1026075,
            "p(99)": 54.371500100000034,
            "avg": 27.41440092063285,
            "min": 9.82411,
            "med": 27.185265
        },
        "iterations": {
            "count": 136630,
            "rate": 1517.567865049246
        },
        "http_req_tls_handshaking": {
            "min": 0,
            "med": 0,
            "max": 0,
            "p(90)": 0,
            "p(95)": 0,
            "p(99)": 0,
            "avg": 0
        },
        "data_received": {
            "count": 33059753,
            "rate": 367199.142057128
        },
        "http_req_connecting": {
            "avg": 0.004431154225614977,
            "min": 0,
            "med": 0,
            "max": 92.494547,
            "p(90)": 0,
            "p(95)": 0,
            "p(99)": 0
        },
        "http_req_waiting": {
            "med": 27.1617,
            "max": 438.041712,
            "p(90)": 39.874755,
            "p(95)": 44.076532,
            "p(99)": 54.34104660000001,
            "avg": 27.390793050435185,
            "min": 9.792809
        }
    }
}