{
    "root_group": {
        "id": "d41d8cd98f00b204e9800998ecf8427e",
        "groups": {},
        "checks": {
                "status 200": {
                    "passes": 161252,
                    "fails": 0,
                    "name": "status 200",
                    "path": "::status 200",
                    "id": "fad9fa412b86fcb03bee97c80dcd61f1"
                }
            },
        "name": "",
        "path": ""
    },
    "metrics": {
        "http_req_failed": {
            "passes": 0,
            "fails": 161253,
            "thresholds": {
                "rate<0.05": false
            },
            "value": 0
        },
        "http_req_duration{expected_response:true}": {
            "avg": 23.199690310221158,
            "min": 9.594789,
            "med": 22.718361,
            "max": 351.04746,
            "p(90)": 31.870594400000016,
            "p(95)": 35.2151338,
            "p(99)": 46.082179280000055
        },
        "http_req_sending": {
            "max": 15.150522,
            "p(90)": 0.009171,
            "p(95)": 0.010896399999999994,
            "p(99)": 0.01792792000000004,
            "avg": 0.006725405145950834,
            "min": 0.002311,
            "med": 0.005553
        },
        "vus": {
            "min": 1,
            "max": 50,
            "value": 1
        },
        "http_req_connecting": {
            "med": 0,
            "max": 87.14537,
            "p(90)": 0,
            "p(95)": 0,
            "p(99)": 0,
            "avg": 0.0038326472561750788,
            "min": 0
        },
        "iteration_duration": {
            "min": 9.696647,
            "med": 22.7981425,
            "max": 351.218117,
            "p(90)": 31.9547875,
            "p(95)": 35.301682,
            "p(99)": 46.17701832999987,
            "avg": 23.282459371325487
        },
        "http_req_duration": {
            "med": 22.718361,
            "max": 351.04746,
            "p(90)": 31.870594400000016,
            "p(95)": 35.2151338,
            "p(99)": 46.082179280000055,
            "avg": 23.199690310221158,
            "min": 9.594789,
            "thresholds": {
                "p(95)<5000": false,
                "p(99)<10000": false
            }
        },
        "http_req_tls_handshaking": {
            "med": 0,
            "max": 0,
            "p(90)": 0,
            "p(95)": 0,
            "p(99)": 0,
            "avg": 0,
            "min": 0
        },
        "http_req_waiting": {
            "avg": 23.16873024717053,
            "min": 9.557076,
            "med": 22.689794,
            "max": 350.997601,
            "p(90)": 31.834764400000015,
            "p(95)": 35.172010799999995,
            "p(99)": 46.020822200000026
        },
        "data_sent": {
            "count": 17092798,
            "rate": 189855.7505118918
        },
        "iterations": {
            "count": 161252,
            "rate": 1791.0829743347797
        },
        "data_received": {
            "count": 39017934,
            "rate": 433385.9876535989
        },
        "http_req_receiving": {
            "p(90)": 0.031125,
            "p(95)": 0.0366204,
            "p(99)": 0.056737480000000014,
            "avg": 0.024234657904039128,
            "min": 0.006239,
            "med": 0.019407,
            "max": 22.462729
        },
        "checks": {
            "passes": 161252,
            "fails": 0,
            "value": 1
        },
        "vus_max": {
            "value": 50,
            "min": 50,
            "max": 50
        },
        "server_membw_us": {
            "max": 21053,
            "p(90)": 1564,
            "p(95)": 1872,
            "p(99)": 3731,
            "avg": 1477.1072854910326,
            "min": 712,
            "med": 1411
        },
        "http_req_blocked": {
            "med": 0.00182,
            "max": 87.197564,
            "p(90)": 0.00287,
            "p(95)": 0.003412,
            "p(99)": 0.0066684800000000105,
            "avg": 0.005971112301786578,
            "min": 0.000782
        },
        "http_reqs": {
            "rate": 1791.0940816883278,
            "count": 161253
        }
    }
}