{
    "metrics": {
        "http_req_receiving": {
            "avg": 0.05253364794611512,
            "min": 0.006894,
            "med": 0.0561365,
            "max": 2.07164,
            "p(90)": 0.09339140000000001,
            "p(95)": 0.1037906,
            "p(99)": 0.12567666999999988
        },
        "iterations": {
            "rate": 234.13465397431276,
            "count": 21081
        },
        "iteration_duration": {
            "avg": 178.2510176905262,
            "min": 10.123615,
            "med": 177.549405,
            "max": 466.526878,
            "p(90)": 301.090609,
            "p(95)": 322.246562,
            "p(99)": 360.82047340000025
        },
        "http_req_blocked": {
            "p(90)": 0.007004900000000001,
            "p(95)": 0.00802095,
            "p(99)": 0.01369221999999995,
            "avg": 0.030639517455649343,
            "min": 0.000782,
            "med": 0.004761,
            "max": 12.329035
        },
        "http_req_tls_handshaking": {
            "med": 0,
            "max": 0,
            "p(90)": 0,
            "p(95)": 0,
            "p(99)": 0,
            "avg": 0,
            "min": 0
        },
        "vus_max": {
            "min": 50,
            "max": 50,
            "value": 50
        },
        "http_req_duration": {
            "p(99)": 360.57485624999964,
            "avg": 178.05965744995666,
            "min": 10.063042,
            "med": 177.3528345,
            "max": 466.285241,
            "p(90)": 300.9288168,
            "p(95)": 322.02680595000004,
            "thresholds": {
                "p(95)<5000": false,
                "p(99)<10000": false
            }
        },
        "http_reqs": {
            "count": 21082,
            "rate": 234.14576040446192
        },
        "http_req_duration{expected_response:true}": {
            "avg": 178.05965744995666,
            "min": 10.063042,
            "med": 177.3528345,
            "max": 466.285241,
            "p(90)": 300.9288168,
            "p(95)": 322.02680595000004,
            "p(99)": 360.57485624999964
        },
        "http_req_waiting": {
            "p(95)": 321.9371622500001,
            "p(99)": 360.4782148299997,
            "avg": 177.99257908234495,
            "min": 10.03584,
            "med": 177.2752395,
            "max": 466.188787,
            "p(90)": 300.86154730000004
        },
        "data_received": {
            "count": 5098203,
            "rate": 56622.83550570672
        },
        "checks": {
            "fails": 0,
            "passes": 21081,
            "value": 1
        },
        "server_membw_us": {
            "min": 929,
            "med": 1129,
            "max": 42941,
            "p(90)": 3038,
            "p(95)": 14252,
            "p(99)": 38960.8,
            "avg": 3107.660784592761
        },
        "http_req_sending": {
            "avg": 0.014544719666065903,
            "min": 0.002217,
            "med": 0.0149755,
            "max": 1.984146,
            "p(90)": 0.025236,
            "p(95)": 0.028195650000000003,
            "p(99)": 0.041672699999999965
        },
        "data_sent": {
            "count": 2255754,
            "rate": 25053.374234674444
        },
        "vus": {
            "min": 1,
            "max": 50,
            "value": 1
        },
        "http_req_failed": {
            "passes": 0,
            "fails": 21082,
            "thresholds": {
                "rate<0.05": false
            },
            "value": 0
        },
        "http_req_connecting": {
            "p(90)": 0,
            "p(95)": 0,
            "p(99)": 0,
            "avg": 0.026113368228820794,
            "min": 0,
            "med": 0,
            "max": 12.207646
        }
    },
    "root_group": {
        "name": "",
        "path": "",
        "id": "d41d8cd98f00b204e9800998ecf8427e",
        "groups": {},
        "checks": {
                "status 200": {
                    "name": "status 200",
                    "path": "::status 200",
                    "id": "fad9fa412b86fcb03bee97c80dcd61f1",
                    "passes": 21081,
                    "fails": 0
                }
            }
    }
}