{
    "root_group": {
        "name": "",
        "path": "",
        "id": "d41d8cd98f00b204e9800998ecf8427e",
        "groups": {},
        "checks": {
                "status 200": {
                    "name": "status 200",
                    "path": "::status 200",
                    "id": "fad9fa412b86fcb03bee97c80dcd61f1",
                    "passes": 30603,
                    "fails": 0
                }
            }
    },
    "metrics": {
        "http_reqs": {
            "count": 30604,
            "rate": 339.9207944256978
        },
        "iteration_duration": {
            "max": 292.391241,
            "p(90)": 196.3129924,
            "p(95)": 205.92270129999997,
            "p(99)": 262.18514447999996,
            "avg": 122.78933709087298,
            "min": 9.811802,
            "med": 115.014331
        },
        "http_req_duration{expected_response:true}": {
            "avg": 122.6565816451451,
            "min": 9.765988,
            "med": 114.8990485,
            "max": 292.200635,
            "p(90)": 196.1966139,
            "p(95)": 205.75735744999994,
            "p(99)": 262.01202639
        },
        "http_req_connecting": {
            "med": 0,
            "max": 22.564307,
            "p(90)": 0,
            "p(95)": 0,
            "p(99)": 0,
            "avg": 0.018568716082864988,
            "min": 0
        },
        "http_req_receiving": {
            "p(90)": 0.08042590000000001,
            "p(95)": 0.0955164,
            "p(99)": 0.1184785400000001,
            "avg": 0.03828756825905088,
            "min": 0.006669,
            "med": 0.024182,
            "max": 1.333785
        },
        "iterations": {
            "count": 30603,
            "rate": 339.90968735490884
        },
        "http_req_tls_handshaking": {
            "avg": 0,
            "min": 0,
            "med": 0,
            "max": 0,
            "p(90)": 0,
            "p(95)": 0,
            "p(99)": 0
        },
        "http_req_blocked": {
            "med": 0.001753,
            "max": 22.625947,
            "p(90)": 0.006229,
            "p(95)": 0.006990399999999994,
            "p(99)": 0.010035100000000035,
            "avg": 0.02169437854528796,
            "min": 0.000761
        },
        "checks": {
            "passes": 30603,
            "fails": 0,
            "value": 1
        },
        "http_req_sending": {
            "p(99)": 0.033896020000000075,
            "avg": 0.009855036563847808,
            "min": 0.002269,
            "med": 0.005321,
            "max": 0.722289,
            "p(90)": 0.021591800000000005,
            "p(95)": 0.024557
        },
        "server_membw_us": {
            "max": 53809,
            "p(90)": 1899,
            "p(95)": 2135,
            "p(99)": 50001.88,
            "avg": 2024.7985818383818,
            "min": 682,
            "med": 792
        },
        "data_sent": {
            "count": 3274608,
            "rate": 36371.30286213389
        },
        "data_received": {
            "count": 7846020,
            "rate": 87146.29955168976
        },
        "http_req_failed": {
            "fails": 30604,
            "passes": 0,
            "thresholds": {
                "rate<0.05": false
            },
            "value": 0
        },
        "http_req_duration": {
            "avg": 122.6565816451451,
            "min": 9.765988,
            "med": 114.8990485,
            "max": 292.200635,
            "p(90)": 196.1966139,
            "p(95)": 205.75735744999994,
            "p(99)": 262.01202639,
            "thresholds": {
                "p(95)<5000": false,
                "p(99)<10000": false
            }
        },
        "http_req_waiting": {
            "p(95)": 205.6998193,
            "p(99)": 261.92860086,
            "avg": 122.60843904032171,
            "min": 9.727798,
            "med": 114.8644655,
            "max": 292.086081,
            "p(90)": 196.1395168
        },
        "vus_max": {
            "max": 50,
            "value": 50,
            "min": 50
        },
        "vus": {
            "max": 50,
            "value": 1,
            "min": 1
        }
    }
}