{
    "root_group": {
        "path": "",
        "id": "d41d8cd98f00b204e9800998ecf8427e",
        "groups": {},
        "checks": {
                "status 200": {
                    "id": "fad9fa412b86fcb03bee97c80dcd61f1",
                    "passes": 205075,
                    "fails": 0,
                    "name": "status 200",
                    "path": "::status 200"
                }
            },
        "name": ""
    },
    "metrics": {
        "data_received": {
            "count": 52518276,
            "rate": 583313.5140202459
        },
        "iterations": {
            "count": 205075,
            "rate": 2277.740778994762
        },
        "iteration_duration": {
            "avg": 18.308216377969217,
            "min": 9.43013,
            "med": 17.413925,
            "max": 1059.554107,
            "p(90)": 24.757785000000002,
            "p(95)": 28.074272299999993,
            "p(99)": 35.66652346000002
        },
        "http_req_duration": {
            "med": 17.357075000000002,
            "max": 246.366948,
            "p(90)": 24.696424,
            "p(95)": 28.012192,
            "p(99)": 35.57172,
            "avg": 18.242615487614206,
            "min": 9.3957,
            "thresholds": {
                "p(95)<5000": false,
                "p(99)<10000": false
            }
        },
        "http_reqs": {
            "count": 205076,
            "rate": 2277.7518858619032
        },
        "data_sent": {
            "count": 20917732,
            "rate": 232330.47022057133
        },
        "checks": {
            "passes": 205075,
            "fails": 0,
            "value": 1
        },
        "http_req_tls_handshaking": {
            "p(90)": 0,
            "p(95)": 0,
            "p(99)": 0,
            "avg": 0,
            "min": 0,
            "med": 0,
            "max": 0
        },
        "vus_max": {
            "value": 50,
            "min": 50,
            "max": 50
        },
        "http_req_blocked": {
            "p(99)": 0.005681,
            "avg": 0.011361625728997885,
            "min": 0.000709,
            "med": 0.001358,
            "max": 1042.498167,
            "p(90)": 0.002042,
            "p(95)": 0.002328
        },
        "http_req_failed": {
            "passes": 0,
            "fails": 205076,
            "thresholds": {
                "rate<0.05": false
            },
            "value": 0
        },
        "vus": {
            "value": 1,
            "min": 1,
            "max": 50
        },
        "http_req_connecting": {
            "avg": 0.00977801608184283,
            "min": 0,
            "med": 0,
            "max": 1042.447814,
            "p(90)": 0,
            "p(95)": 0,
            "p(99)": 0
        },
        "http_req_sending": {
            "p(90)": 0.006179,
            "p(95)": 0.007105,
            "p(99)": 0.016523,
            "avg": 0.004792885647272207,
            "min": 0.002065,
            "med": 0.003954,
            "max": 9.119762
        },
        "http_req_receiving": {
            "avg": 0.017282839839864148,
            "min": 0.005459,
            "med": 0.014584,
            "max": 9.800689,
            "p(90)": 0.023754,
            "p(95)": 0.02886125,
            "p(99)": 0.0569835
        },
        "server_membw_us": {
            "p(95)": 1136,
            "p(99)": 2899,
            "avg": 900.7190832622211,
            "min": 569,
            "med": 833,
            "max": 10754,
            "p(90)": 990
        },
        "http_req_waiting": {
            "avg": 18.220539762126936,
            "min": 9.383105,
            "med": 17.336509,
            "max": 246.348308,
            "p(90)": 24.672521,
            "p(95)": 27.98707025,
            "p(99)": 35.554137
        },
        "http_req_duration{expected_response:true}": {
            "max": 246.366948,
            "p(90)": 24.696424,
            "p(95)": 28.012192,
            "p(99)": 35.57172,
            "avg": 18.242615487614206,
            "min": 9.3957,
            "med": 17.357075000000002
        }
    }
}