{
    "root_group": {
        "name": "",
        "path": "",
        "id": "d41d8cd98f00b204e9800998ecf8427e",
        "groups": {},
        "checks": {
                "status 200": {
                    "fails": 0,
                    "name": "status 200",
                    "path": "::status 200",
                    "id": "fad9fa412b86fcb03bee97c80dcd61f1",
                    "passes": 45890
                }
            }
    },
    "metrics": {
        "vus_max": {
            "value": 50,
            "min": 50,
            "max": 50
        },
        "data_sent": {
            "count": 4680860,
            "rate": 51978.757439481895
        },
        "http_req_receiving": {
            "p(99)": 0.17239729999999945,
            "avg": 0.053040040247543406,
            "min": 0.006145,
            "med": 0.044131,
            "max": 6.167413,
            "p(90)": 0.085814,
            "p(95)": 0.0972275
        },
        "http_reqs": {
            "count": 45891,
            "rate": 509.59805626642617
        },
        "http_req_connecting": {
            "p(90)": 0,
            "p(95)": 0,
            "p(99)": 0,
            "avg": 0.02253435767361792,
            "min": 0,
            "med": 0,
            "max": 46.08028
        },
        "http_req_waiting": {
            "med": 71.513192,
            "max": 651.598206,
            "p(90)": 179.174889,
            "p(95)": 196.251937,
            "p(99)": 266.22734729999985,
            "avg": 81.57353305086009,
            "min": 15.229818
        },
        "server_compute_us": {
            "avg": 4652.697711919808,
            "min": 139,
            "med": 752,
            "max": 326853,
            "p(90)": 4374.999999999985,
            "p(95)": 32313.09999999999,
            "p(99)": 87063.53000000001
        },
        "http_req_duration{expected_response:true}": {
            "min": 15.278214,
            "med": 71.562097,
            "max": 651.676444,
            "p(90)": 179.250554,
            "p(95)": 196.3329995,
            "p(99)": 266.3411449999999,
            "avg": 81.64352287640361
        },
        "vus": {
            "value": 1,
            "min": 1,
            "max": 50
        },
        "http_req_failed": {
            "passes": 0,
            "fails": 45891,
            "thresholds": {
                "rate<0.05": false
            },
            "value": 0
        },
        "http_req_tls_handshaking": {
            "p(95)": 0,
            "p(99)": 0,
            "avg": 0,
            "min": 0,
            "med": 0,
            "max": 0,
            "p(90)": 0
        },
        "http_req_sending": {
            "max": 5.990335,
            "p(90)": 0.024208,
            "p(95)": 0.027059,
            "p(99)": 0.08039469999999993,
            "avg": 0.01694978529559172,
            "min": 0.002409,
            "med": 0.014409
        },
        "checks": {
            "passes": 45890,
            "fails": 0,
            "value": 1
        },
        "http_req_duration": {
            "avg": 81.64352287640361,
            "min": 15.278214,
            "med": 71.562097,
            "max": 651.676444,
            "p(90)": 179.250554,
            "p(95)": 196.3329995,
            "p(99)": 266.3411449999999,
            "thresholds": {
                "p(95)<5000": false,
                "p(99)<10000": false
            }
        },
        "data_received": {
            "rate": 92440.09466161126,
            "count": 8324538
        },
        "iteration_duration": {
            "min": 15.381197,
            "med": 71.798474,
            "max": 651.963507,
            "p(90)": 179.37119779999998,
            "p(95)": 196.54081875,
            "p(99)": 266.47963183,
            "avg": 81.84797143939858
        },
        "iterations": {
            "count": 45890,
            "rate": 509.5869517349
        },
        "http_req_blocked": {
            "med": 0.004728,
            "max": 46.137037,
            "p(90)": 0.007426,
            "p(95)": 0.008203,
            "p(99)": 0.017067099999999998,
            "avg": 0.02744182608790417,
            "min": 0.000799
        }
    }
}