{
    "metrics": {
        "iteration_duration": {
            "p(99)": 212.71841551000006,
            "avg": 64.2964689904312,
            "min": 16.325462,
            "med": 58.497879,
            "max": 534.218219,
            "p(90)": 114.958238,
            "p(95)": 179.56115714999999
        },
        "server_compute_us": {
            "max": 214103,
            "p(90)": 2194.300000000003,
            "p(95)": 9666.149999999994,
            "p(99)": 68381.61000000064,
            "avg": 2777.9816323735836,
            "min": 138,
            "med": 532
        },
        "http_req_duration": {
            "p(90)": 114.72655900000001,
            "p(95)": 179.3712526,
            "p(99)": 212.49180547999998,
            "avg": 64.08425471553734,
            "min": 16.238566,
            "med": 58.258106,
            "max": 534.016067,
            "thresholds": {
                "p(95)<5000": false,
                "p(99)<10000": false
            }
        },
        "http_req_waiting": {
            "p(99)": 212.41102912,
            "avg": 64.01321584933069,
            "min": 16.193053,
            "med": 58.180847,
            "max": 532.968674,
            "p(90)": 114.65288220000002,
            "p(95)": 179.309668
        },
        "http_req_receiving": {
            "med": 0.047967,
            "max": 6.119031,
            "p(90)": 0.07551940000000001,
            "p(95)": 0.08974199999999999,
            "p(99)": 0.1958025799999999,
            "avg": 0.0534517641007211,
            "min": 0.007612
        },
        "checks": {
            "passes": 58418,
            "fails": 0,
            "value": 1
        },
        "http_req_connecting": {
            "max": 51.471628,
            "p(90)": 0,
            "p(95)": 0,
            "p(99)": 0,
            "avg": 0.01947044600215684,
            "min": 0,
            "med": 0
        },
        "http_req_tls_handshaking": {
            "med": 0,
            "max": 0,
            "p(90)": 0,
            "p(95)": 0,
            "p(99)": 0,
            "avg": 0,
            "min": 0
        },
        "vus": {
            "min": 1,
            "max": 50,
            "value": 1
        },
        "data_received": {
            "count": 10589637,
            "rate": 117597.11547372013
        },
        "http_req_blocked": {
            "min": 0.000771,
            "med": 0.004868,
            "max": 51.559057,
            "p(90)": 0.00702,
            "p(95)": 0.007844099999999998,
            "p(99)": 0.01906103999999999,
            "avg": 0.02495915231345951
        },
        "vus_max": {
            "min": 50,
            "max": 50,
            "value": 50
        },
        "http_reqs": {
            "count": 58419,
            "rate": 648.738562885513
        },
        "http_req_duration{expected_response:true}": {
            "p(95)": 179.3712526,
            "p(99)": 212.49180547999998,
            "avg": 64.08425471553734,
            "min": 16.238566,
            "med": 58.258106,
            "max": 534.016067,
            "p(90)": 114.72655900000001
        },
        "iterations": {
            "count": 58418,
            "rate": 648.7274579613808
        },
        "http_req_failed": {
            "passes": 0,
            "fails": 58419,
            "thresholds": {
                "rate<0.05": false
            },
            "value": 0
        },
        "http_req_sending": {
            "p(90)": 0.02263,
            "p(95)": 0.0262141,
            "p(99)": 0.07553283999999996,
            "avg": 0.01758710210719106,
            "min": 0.002503,
            "med": 0.014841,
            "max": 4.678237
        },
        "data_sent": {
            "count": 6075554,
            "rate": 67468.56623176245
        }
    },
    "root_group": {
        "name": "",
        "path": "",
        "id": "d41d8cd98f00b204e9800998ecf8427e",
        "groups": {},
        "checks": {
                "status 200": {
                    "passes": 58418,
                    "fails": 0,
                    "name": "status 200",
                    "path": "::status 200",
                    "id": "fad9fa412b86fcb03bee97c80dcd61f1"
                }
            }
    }
}