{
    "root_group": {
        "name": "",
        "path": "",
        "id": "d41d8cd98f00b204e9800998ecf8427e",
        "groups": {},
        "checks": {
                "status 200": {
                    "name": "status 200",
                    "path": "::status 200",
                    "id": "fad9fa412b86fcb03bee97c80dcd61f1",
                    "passes": 73168,
                    "fails": 0
                }
            }
    },
    "metrics": {
        "vus_max": {
            "min": 50,
            "max": 50,
            "value": 50
        },
        "http_req_duration{expected_response:true}": {
            "avg": 51.10637006266265,
            "min": 16.151234,
            "med": 40.854072,
            "max": 939.47133,
            "p(90)": 85.1873268,
            "p(95)": 89.423872,
            "p(99)": 97.93156635999999
        },
        "server_compute_us": {
            "p(95)": 1008,
            "p(99)": 1799.3300000000017,
            "avg": 842.3594194183249,
            "min": 323,
            "med": 427,
            "max": 52327,
            "p(90)": 804
        },
        "http_req_connecting": {
            "med": 0,
            "max": 942.105051,
            "p(90)": 0,
            "p(95)": 0,
            "p(99)": 0,
            "avg": 0.0300494457762167,
            "min": 0
        },
        "http_req_waiting": {
            "avg": 51.03939903841758,
            "min": 16.096731,
            "med": 40.789573,
            "max": 939.381562,
            "p(90)": 85.1189348,
            "p(95)": 89.36144439999998,
            "p(99)": 97.85416215999997
        },
        "vus": {
            "value": 1,
            "min": 1,
            "max": 50
        },
        "http_req_sending": {
            "med": 0.014521,
            "max": 14.938487,
            "p(90)": 0.021599,
            "p(95)": 0.024799,
            "p(99)": 0.04278055999999994,
            "avg": 0.01625243407727294,
            "min": 0.002554
        },
        "http_req_duration": {
            "p(90)": 85.1873268,
            "p(95)": 89.423872,
            "p(99)": 97.93156635999999,
            "avg": 51.10637006266265,
            "min": 16.151234,
            "med": 40.854072,
            "max": 939.47133,
            "thresholds": {
                "p(95)<5000": false,
                "p(99)<10000": false
            }
        },
        "http_req_failed": {
            "passes": 0,
            "fails": 73169,
            "thresholds": {
                "rate<0.05": false
            },
            "value": 0
        },
        "http_reqs": {
            "rate": 812.40611807991,
            "count": 73169
        },
        "data_sent": {
            "count": 7609554,
            "rate": 84489.9920110901
        },
        "checks": {
            "passes": 73168,
            "fails": 0,
            "value": 1
        },
        "http_req_blocked": {
            "avg": 0.0351515746149332,
            "min": 0.000825,
            "med": 0.004726,
            "max": 942.173438,
            "p(90)": 0.006636,
            "p(95)": 0.007322599999999992,
            "p(99)": 0.016706799999999886
        },
        "http_req_receiving": {
            "min": 0.007825,
            "med": 0.047799,
            "max": 8.673755,
            "p(90)": 0.0684452,
            "p(95)": 0.08015359999999999,
            "p(99)": 0.11904207999999986,
            "avg": 0.050718590167967745
        },
        "iteration_duration": {
            "avg": 51.31333771555927,
            "min": 16.31699,
            "med": 41.070502000000005,
            "max": 963.583177,
            "p(90)": 85.3785986,
            "p(95)": 89.6076537,
            "p(99)": 98.14171827000001
        },
        "data_received": {
            "count": 13028263,
            "rate": 144654.71127327313
        },
        "iterations": {
            "count": 73168,
            "rate": 812.3950149335218
        },
        "http_req_tls_handshaking": {
            "avg": 0,
            "min": 0,
            "med": 0,
            "max": 0,
            "p(90)": 0,
            "p(95)": 0,
            "p(99)": 0
        }
    }
}