{
    "root_group": {
        "name": "",
        "path": "",
        "id": "d41d8cd98f00b204e9800998ecf8427e",
        "groups": {},
        "checks": {
                "status 200": {
                    "path": "::status 200",
                    "id": "fad9fa412b86fcb03bee97c80dcd61f1",
                    "passes": 43182,
                    "fails": 0,
                    "name": "status 200"
                }
            }
    },
    "metrics": {
        "http_req_tls_handshaking": {
            "p(95)": 0,
            "p(99)": 0,
            "avg": 0,
            "min": 0,
            "med": 0,
            "max": 0,
            "p(90)": 0
        },
        "checks": {
            "passes": 43182,
            "fails": 0,
            "value": 1
        },
        "vus_max": {
            "value": 50,
            "min": 50,
            "max": 50
        },
        "http_reqs": {
            "count": 43183,
            "rate": 479.52085754097027
        },
        "http_req_receiving": {
            "p(90)": 0.06507740000000001,
            "p(95)": 0.0809276,
            "p(99)": 0.10544214,
            "avg": 0.03336596716300411,
            "min": 0.00626,
            "med": 0.022871,
            "max": 1.554931
        },
        "data_sent": {
            "count": 4404644,
            "rate": 48910.883172607035
        },
        "server_compute_us": {
            "avg": 1594.5865406882497,
            "min": 314,
            "med": 1002,
            "max": 49016,
            "p(90)": 1294,
            "p(95)": 1529,
            "p(99)": 36172.57000000001
        },
        "iterations": {
            "count": 43182,
            "rate": 479.50975315133684
        },
        "http_req_duration{expected_response:true}": {
            "med": 92.471011,
            "max": 416.910516,
            "p(90)": 150.986387,
            "p(95)": 157.5712633,
            "p(99)": 173.07899932,
            "avg": 86.85305221005984,
            "min": 15.266794
        },
        "http_req_connecting": {
            "max": 35.921956,
            "p(90)": 0,
            "p(95)": 0,
            "p(99)": 0,
            "avg": 0.021570886158905123,
            "min": 0,
            "med": 0
        },
        "data_received": {
            "rate": 85609.80268095217,
            "count": 7709546
        },
        "vus": {
            "min": 1,
            "max": 50,
            "value": 1
        },
        "http_req_blocked": {
            "p(95)": 0.006903,
            "p(99)": 0.009417980000000005,
            "avg": 0.024551015700622916,
            "min": 0.000755,
            "med": 0.001838,
            "max": 35.961454,
            "p(90)": 0.006103
        },
        "http_req_duration": {
            "min": 15.266794,
            "med": 92.471011,
            "max": 416.910516,
            "p(90)": 150.986387,
            "p(95)": 157.5712633,
            "p(99)": 173.07899932,
            "avg": 86.85305221005984,
            "thresholds": {
                "p(99)<10000": false,
                "p(95)<5000": false
            }
        },
        "http_req_sending": {
            "p(90)": 0.019961800000000002,
            "p(95)": 0.0231779,
            "p(99)": 0.03129454,
            "avg": 0.00940422010976547,
            "min": 0.002311,
            "med": 0.005829,
            "max": 1.071407
        },
        "http_req_waiting": {
            "max": 416.883201,
            "p(90)": 150.9447192,
            "p(95)": 157.5213574,
            "p(99)": 173.0220392,
            "avg": 86.81028202278725,
            "min": 15.249611,
            "med": 92.446979
        },
        "http_req_failed": {
            "passes": 0,
            "fails": 43183,
            "thresholds": {
                "rate<0.05": false
            },
            "value": 0
        },
        "iteration_duration": {
            "avg": 86.98573519128365,
            "min": 15.315987,
            "med": 92.59575799999999,
            "max": 416.997269,
            "p(90)": 151.128746,
            "p(95)": 157.72381475,
            "p(99)": 173.24611023
        }
    }
}