{
    "root_group": {
        "name": "",
        "path": "",
        "id": "d41d8cd98f00b204e9800998ecf8427e",
        "groups": {},
        "checks": {
                "status 200": {
                    "name": "status 200",
                    "path": "::status 200",
                    "id": "fad9fa412b86fcb03bee97c80dcd61f1",
                    "passes": 151,
                    "fails": 140
                }
            }
    },
    "metrics": {
        "http_reqs": {
            "count": 292,
            "rate": 2.918933831513032
        },
        "http_req_connecting": {
            "med": 18.082197,
            "max": 19374.12221,
            "p(90)": 5141.124250300001,
            "p(95)": 11199.4724292,
            "p(99)": 11245.0394053,
            "avg": 1145.6862171883563,
            "min": 0
        },
        "vus_max": {
            "value": 50,
            "min": 50,
            "max": 50
        },
        "http_req_waiting": {
            "p(99)": 19603.70478903,
            "avg": 6000.67084428082,
            "min": 0,
            "med": 4604.705528500001,
            "max": 19835.079923,
            "p(90)": 15465.031205000007,
            "p(95)": 18655.541267149998
        },
        "http_req_receiving": {
            "max": 0.52287,
            "p(90)": 0.1648204,
            "p(95)": 0.18265819999999997,
            "p(99)": 0.2179343499999999,
            "avg": 0.061721212328767115,
            "min": 0,
            "med": 0.067381
        },
        "data_received": {
            "count": 24823,
            "rate": 248.13936472482192
        },
        "http_req_tls_handshaking": {
            "min": 0,
            "med": 0,
            "max": 0,
            "p(90)": 0,
            "p(95)": 0,
            "p(99)": 0,
            "avg": 0
        },
        "http_req_failed": {
            "passes": 140,
            "fails": 152,
            "thresholds": {
                "rate<0.05": true
            },
            "value": 0.4794520547945205
        },
        "checks": {
            "passes": 151,
            "fails": 140,
            "value": 0.5189003436426117
        },
        "iterations": {
            "count": 291,
            "rate": 2.908937482774974
        },
        "http_req_blocked": {
            "max": 19374.205337,
            "p(90)": 5141.1798162000005,
            "p(95)": 11199.5489899,
            "p(99)": 11245.14400817,
            "avg": 1145.726047616438,
            "min": 0,
            "med": 18.167972
        },
        "iteration_duration": {
            "p(90)": 30001.001462,
            "p(95)": 30001.363951,
            "p(99)": 30991.8529829,
            "avg": 12608.936976515462,
            "min": 17.713094,
            "med": 11224.217292,
            "max": 35883.829937
        },
        "http_req_duration": {
            "p(90)": 15465.056142500007,
            "p(95)": 18655.766303549997,
            "p(99)": 19603.917167609994,
            "avg": 6000.768289537669,
            "min": 0,
            "med": 4605.1126545,
            "max": 19835.289818,
            "thresholds": {
                "p(95)<5000": true,
                "p(99)<10000": true
            }
        },
        "data_sent": {
            "count": 17930,
            "rate": 179.23453287338586
        },
        "http_req_duration{expected_response:true}": {
            "max": 19835.289818,
            "p(90)": 18539.232813100003,
            "p(95)": 19412.2507428,
            "p(99)": 19771.35099445,
            "avg": 9388.971338513156,
            "min": 17.71985,
            "med": 10167.697454000001
        },
        "server_compute_us": {
            "min": 67717,
            "med": 243916,
            "max": 5311078,
            "p(90)": 281929,
            "p(95)": 287595.5,
            "p(99)": 1906075,
            "avg": 283912.5894039735
        },
        "http_req_sending": {
            "min": 0,
            "med": 0.0353225,
            "max": 0.256956,
            "p(90)": 0.08844970000000003,
            "p(95)": 0.1108469,
            "p(99)": 0.13918989999999978,
            "avg": 0.035724044520547935
        },
        "vus": {
            "value": 1,
            "min": 1,
            "max": 50
        }
    }
}