{
    "metrics": {
        "http_req_tls_handshaking": {
            "avg": 0,
            "min": 0,
            "med": 0,
            "max": 0,
            "p(90)": 0,
            "p(95)": 0,
            "p(99)": 0
        },
        "data_sent": {
            "rate": 219.3029829997527,
            "count": 22026
        },
        "http_req_connecting": {
            "min": 0,
            "med": 20.833111,
            "max": 12256.410045,
            "p(90)": 5119.227091000001,
            "p(95)": 7192.1373986,
            "p(99)": 11284.45701676,
            "avg": 997.0399744954412
        },
        "http_req_sending": {
            "p(95)": 0.12063459999999998,
            "p(99)": 0.1557973599999999,
            "avg": 0.05286333738601823,
            "min": 0,
            "med": 0.060833,
            "max": 0.200719,
            "p(90)": 0.10542679999999997
        },
        "iterations": {
            "count": 328,
            "rate": 3.265748589118264
        },
        "checks": {
            "passes": 209,
            "fails": 119,
            "value": 0.6371951219512195
        },
        "http_req_blocked": {
            "med": 20.988956,
            "max": 12256.486713,
            "p(90)": 5119.329154,
            "p(95)": 7192.1996726,
            "p(99)": 11284.52242316,
            "avg": 997.1001679300919,
            "min": 0
        },
        "data_received": {
            "count": 34322,
            "rate": 341.7287288893812
        },
        "vus": {
            "max": 50,
            "value": 2,
            "min": 2
        },
        "http_req_duration": {
            "avg": 4635.74333537082,
            "min": 0,
            "med": 2275.564563,
            "max": 16625.361897,
            "p(90)": 12117.740957,
            "p(95)": 12428.577401199998,
            "p(99)": 15095.994176879896,
            "thresholds": {
                "p(95)<5000": true,
                "p(99)<10000": true
            }
        },
        "iteration_duration": {
            "med": 7400.8468255,
            "max": 30001.460997,
            "p(90)": 30000.762018,
            "p(95)": 30001.018915599998,
            "p(99)": 30001.325693860003,
            "avg": 10588.939723746955,
            "min": 20.201092
        },
        "server_compute_us": {
            "max": 5214048,
            "p(90)": 216864.00000000017,
            "p(95)": 321416.8,
            "p(99)": 3221121.0399999823,
            "avg": 223635.14354066984,
            "min": 65839,
            "med": 119366
        },
        "http_req_failed": {
            "fails": 210,
            "passes": 119,
            "thresholds": {
                "rate<0.05": true
            },
            "value": 0.3617021276595745
        },
        "http_reqs": {
            "count": 329,
            "rate": 3.275705139694844
        },
        "http_req_duration{expected_response:true}": {
            "avg": 7106.400145219046,
            "min": 128.192242,
            "med": 7332.315989000001,
            "max": 16280.326285,
            "p(90)": 12343.8465167,
            "p(95)": 12483.22959035,
            "p(99)": 12568.853879280001
        },
        "http_req_waiting": {
            "med": 2275.368839,
            "max": 16625.271948,
            "p(90)": 12117.5888992,
            "p(95)": 12428.342480399999,
            "p(99)": 15095.774700119897,
            "avg": 4635.59923055623,
            "min": 0
        },
        "http_req_receiving": {
            "p(99)": 0.25900327999999906,
            "avg": 0.09124147720364743,
            "min": 0,
            "med": 0.10409,
            "max": 0.370147,
            "p(90)": 0.1813536,
            "p(95)": 0.20205599999999993
        },
        "vus_max": {
            "max": 50,
            "value": 50,
            "min": 50
        }
    },
    "root_group": {
        "name": "",
        "path": "",
        "id": "d41d8cd98f00b204e9800998ecf8427e",
        "groups": {},
        "checks": {
                "status 200": {
                    "fails": 119,
                    "name": "status 200",
                    "path": "::status 200",
                    "id": "fad9fa412b86fcb03bee97c80dcd61f1",
                    "passes": 209
                }
            }
    }
}