{
    "root_group": {
        "checks": {
            "status 200": {
                "name": "status 200",
                "path": "::status 200",
                "id": "fad9fa412b86fcb03bee97c80dcd61f1",
                "passes": 720,
                "fails": 1471
            }
        },
        "name": "",
        "path": "",
        "id": "d41d8cd98f00b204e9800998ecf8427e",
        "groups": {}
    },
    "metrics": {
        "http_req_waiting": {
            "med": 0,
            "max": 6348.354057,
            "p(90)": 5834.8694275,
            "p(95)": 6074.78606885,
            "p(99)": 6266.396738650001,
            "avg": 1363.899535433396,
            "min": 0
        },
        "data_received": {
            "count": 115838,
            "rate": 1269.036719403539
        },
        "http_req_blocked": {
            "avg": 367.91833859124074,
            "min": 0,
            "med": 0,
            "max": 11258.058269,
            "p(90)": 25.983199600000003,
            "p(95)": 3113.6189409999993,
            "p(99)": 7216.34034452
        },
        "http_req_tls_handshaking": {
            "med": 0,
            "max": 0,
            "p(90)": 0,
            "p(95)": 0,
            "p(99)": 0,
            "avg": 0,
            "min": 0
        },
        "http_req_duration": {
            "p(90)": 5835.0319144,
            "p(95)": 6074.932801,
            "p(99)": 6266.594476980001,
            "avg": 1364.019968251369,
            "min": 0,
            "med": 0,
            "max": 6348.538487,
            "thresholds": {
                "p(95)<5000": true,
                "p(99)<10000": false
            }
        },
        "server_compute_us": {
            "p(99)": 176090.79999999996,
            "avg": 117061.2875,
            "min": 23124,
            "med": 117471.5,
            "max": 188265,
            "p(90)": 151997.4,
            "p(95)": 158918.35
        },
        "iterations": {
            "count": 2191,
            "rate": 24.00299946660987
        },
        "vus": {
            "value": 3,
            "min": 3,
            "max": 50
        },
        "vus_max": {
            "value": 50,
            "min": 50,
            "max": 50
        },
        "checks": {
            "passes": 720,
            "fails": 1471,
            "value": 0.3286170698311273
        },
        "data_sent": {
            "rate": 861.3034313395108,
            "count": 78620
        },
        "http_reqs": {
            "count": 2192,
            "rate": 24.013954737931922
        },
        "http_req_connecting": {
            "p(99)": 7216.29138848,
            "avg": 367.893089618613,
            "min": 0,
            "med": 0,
            "max": 11258.008258,
            "p(90)": 25.958871700000003,
            "p(95)": 3113.5314083999997
        },
        "http_req_receiving": {
            "p(90)": 0.1582308,
            "p(95)": 0.17698499999999995,
            "p(99)": 1.7986119600000017,
            "avg": 0.09887786359489058,
            "min": 0,
            "med": 0,
            "max": 46.745238
        },
        "iteration_duration": {
            "avg": 1761.2095149351912,
            "min": 16.884064,
            "med": 29.428185,
            "max": 16994.150474,
            "p(90)": 6065.835575,
            "p(95)": 6295.791988,
            "p(99)": 11471.681128099977
        },
        "http_req_failed": {
            "passes": 1471,
            "fails": 721,
            "thresholds": {
                "rate<0.05": true
            },
            "value": 0.6710766423357665
        },
        "http_req_duration{expected_response:true}": {
            "med": 4281.5011,
            "max": 6348.538487,
            "p(90)": 6116.824034,
            "p(95)": 6235.448025,
            "p(99)": 6280.0255422,
            "avg": 3948.604941445217,
            "min": 20.077672
        },
        "http_req_sending": {
            "med": 0,
            "max": 0.259815,
            "p(90)": 0.07755400000000001,
            "p(95)": 0.09647269999999997,
            "p(99)": 0.1334400500000001,
            "avg": 0.021554954379562046,
            "min": 0
        }
    }
}