{
    "metrics": {
        "data_received": {
            "count": 175427,
            "rate": 1944.270101130979
        },
        "iterations": {
            "count": 1160,
            "rate": 12.856363714319547
        },
        "http_reqs": {
            "count": 1161,
            "rate": 12.867446786487065
        },
        "http_req_duration{expected_response:true}": {
            "min": 22.457282,
            "med": 3288.884954,
            "max": 4408.933265,
            "p(90)": 3881.4315635000003,
            "p(95)": 4000.9007202499997,
            "p(99)": 4336.7148391499995,
            "avg": 2777.699904747262
        },
        "checks": {
            "passes": 1095,
            "fails": 65,
            "value": 0.9439655172413793
        },
        "data_sent": {
            "rate": 1290.7124184846775,
            "count": 116458
        },
        "http_req_tls_handshaking": {
            "avg": 0,
            "min": 0,
            "med": 0,
            "max": 0,
            "p(90)": 0,
            "p(95)": 0,
            "p(99)": 0
        },
        "http_req_receiving": {
            "avg": 0.3414267993109385,
            "min": 0,
            "med": 0.149729,
            "max": 45.869582,
            "p(90)": 0.200283,
            "p(95)": 1.622708,
            "p(99)": 2.1720368000000185
        },
        "iteration_duration": {
            "p(99)": 8376.021245440003,
            "avg": 3337.4103358206935,
            "min": 19.471097,
            "med": 3519.7394919999997,
            "max": 9505.438763,
            "p(90)": 5420.807104000002,
            "p(95)": 6653.641719499999
        },
        "http_req_waiting": {
            "avg": 2672.306394260978,
            "min": 0,
            "med": 3171.067747,
            "max": 4408.716046,
            "p(90)": 3868.638181,
            "p(95)": 3991.311879,
            "p(99)": 4334.9831368000005
        },
        "http_req_failed": {
            "fails": 1096,
            "passes": 65,
            "thresholds": {
                "rate<0.05": true
            },
            "value": 0.05598621877691645
        },
        "vus_max": {
            "value": 50,
            "min": 50,
            "max": 50
        },
        "http_req_blocked": {
            "avg": 642.8427473496984,
            "min": 0,
            "med": 20.74911,
            "max": 5195.895885,
            "p(90)": 4094.691773,
            "p(95)": 4154.000098,
            "p(99)": 5168.8467598
        },
        "http_req_connecting": {
            "avg": 642.7503811162795,
            "min": 0,
            "med": 20.659043,
            "max": 5195.841019,
            "p(90)": 4094.583342,
            "p(95)": 4153.94038,
            "p(99)": 5168.7872624
        },
        "server_compute_us": {
            "p(99)": 175978.95999999996,
            "avg": 73931.29863013698,
            "min": 22545,
            "med": 81994,
            "max": 190418,
            "p(90)": 102258.8,
            "p(95)": 118601.39999999994
        },
        "vus": {
            "value": 4,
            "min": 3,
            "max": 50
        },
        "http_req_duration": {
            "min": 0,
            "med": 3171.28965,
            "max": 4408.933265,
            "p(90)": 3869.924346,
            "p(95)": 3991.619034,
            "p(99)": 4335.1753308,
            "avg": 2672.724111651163,
            "thresholds": {
                "p(95)<5000": false,
                "p(99)<10000": false
            }
        },
        "http_req_sending": {
            "p(99)": 0.15996220000000086,
            "avg": 0.07629059086993982,
            "min": 0,
            "med": 0.075718,
            "max": 0.745828,
            "p(90)": 0.10823,
            "p(95)": 0.122357
        }
    },
    "root_group": {
        "name": "",
        "path": "",
        "id": "d41d8cd98f00b204e9800998ecf8427e",
        "groups": {},
        "checks": {
                "status 200": {
                    "name": "status 200",
                    "path": "::status 200",
                    "id": "fad9fa412b86fcb03bee97c80dcd61f1",
                    "passes": 1095,
                    "fails": 65
                }
            }
    }
}