{
    "root_group": {
        "name": "",
        "path": "",
        "id": "d41d8cd98f00b204e9800998ecf8427e",
        "groups": {},
        "checks": {
                "status 200": {
                    "name": "status 200",
                    "path": "::status 200",
                    "id": "fad9fa412b86fcb03bee97c80dcd61f1",
                    "passes": 129928,
                    "fails": 0
                }
            }
    },
    "metrics": {
        "checks": {
            "passes": 129928,
            "fails": 0,
            "value": 1
        },
        "iterations": {
            "count": 129928,
            "rate": 1443.167053746736
        },
        "http_reqs": {
            "count": 129929,
            "rate": 1443.178161183576
        },
        "data_received": {
            "count": 23524153,
            "rate": 261293.04366185458
        },
        "vus": {
            "value": 1,
            "min": 1,
            "max": 50
        },
        "http_req_failed": {
            "fails": 129929,
            "passes": 0,
            "thresholds": {
                "rate<0.05": false
            },
            "value": 0
        },
        "http_req_receiving": {
            "avg": 0.02558710281769265,
            "min": 0.0065,
            "med": 0.01938,
            "max": 3.592018,
            "p(90)": 0.040114399999999995,
            "p(95)": 0.05376279999999997,
            "p(99)": 0.09845272
        },
        "data_sent": {
            "count": 13902381,
            "rate": 154419.81888303216
        },
        "http_req_duration{expected_response:true}": {
            "med": 11.699679,
            "max": 443.403403,
            "p(90)": 77.1237036,
            "p(95)": 81.0509038,
            "p(99)": 91.25200168000002,
            "avg": 28.807801952135613,
            "min": 8.625073
        },
        "vus_max": {
            "value": 50,
            "min": 50,
            "max": 50
        },
        "http_req_connecting": {
            "p(90)": 0,
            "p(95)": 0,
            "p(99)": 0,
            "avg": 0.004080853627750541,
            "min": 0,
            "med": 0,
            "max": 12.515664
        },
        "http_req_tls_handshaking": {
            "max": 0,
            "p(90)": 0,
            "p(95)": 0,
            "p(99)": 0,
            "avg": 0,
            "min": 0,
            "med": 0
        },
        "http_req_sending": {
            "max": 6.346173,
            "p(90)": 0.011846,
            "p(95)": 0.015546599999999992,
            "p(99)": 0.03360492000000001,
            "avg": 0.008569380877248215,
            "min": 0.002416,
            "med": 0.005764
        },
        "server_compute_us": {
            "med": 206,
            "max": 131631,
            "p(90)": 364,
            "p(95)": 686,
            "p(99)": 33249.10999999997,
            "avg": 957.443006896127,
            "min": 104
        },
        "iteration_duration": {
            "p(90)": 77.2172461,
            "p(95)": 81.13698475,
            "p(99)": 91.31700089999998,
            "avg": 28.902885327497128,
            "min": 8.744401,
            "med": 11.786169999999998,
            "max": 443.671962
        },
        "http_req_duration": {
            "avg": 28.807801952135613,
            "min": 8.625073,
            "med": 11.699679,
            "max": 443.403403,
            "p(90)": 77.1237036,
            "p(95)": 81.0509038,
            "p(99)": 91.25200168000002,
            "thresholds": {
                "p(95)<5000": false,
                "p(99)<10000": false
            }
        },
        "http_req_blocked": {
            "p(99)": 0.008418320000000007,
            "avg": 0.006526729267522956,
            "min": 0.000771,
            "med": 0.001901,
            "max": 12.606763,
            "p(90)": 0.003796,
            "p(95)": 0.005023
        },
        "http_req_waiting": {
            "avg": 28.773645468440694,
            "min": 8.595234,
            "med": 11.666979,
            "max": 443.325524,
            "p(90)": 77.087102,
            "p(95)": 81.020523,
            "p(99)": 91.23203260000001
        }
    }
}