{
    "root_group": {
        "name": "",
        "path": "",
        "id": "d41d8cd98f00b204e9800998ecf8427e",
        "groups": {},
        "checks": {
                "status 200": {
                    "name": "status 200",
                    "path": "::status 200",
                    "id": "fad9fa412b86fcb03bee97c80dcd61f1",
                    "passes": 299007,
                    "fails": 0
                }
            }
    },
    "metrics": {
        "http_req_duration": {
            "p(90)": 14.539235099999999,
            "p(95)": 16.0298456,
            "p(99)": 20.91789829999999,
            "avg": 12.488377756451314,
            "min": 8.903806,
            "med": 11.695042,
            "max": 895.804992,
            "thresholds": {
                "p(95)<5000": false,
                "p(99)<10000": false
            }
        },
        "http_req_blocked": {
            "p(95)": 0.002699,
            "p(99)": 0.005846929999999992,
            "avg": 0.003714644233599152,
            "min": 0.000685,
            "med": 0.001689,
            "max": 29.555943,
            "p(90)": 0.002326
        },
        "http_req_tls_handshaking": {
            "p(90)": 0,
            "p(95)": 0,
            "p(99)": 0,
            "avg": 0,
            "min": 0,
            "med": 0,
            "max": 0
        },
        "http_reqs": {
            "count": 299008,
            "rate": 3321.44804106745
        },
        "http_req_waiting": {
            "avg": 12.465683948760361,
            "min": 8.890909,
            "med": 11.672315000000001,
            "max": 895.786322,
            "p(90)": 14.5154327,
            "p(95)": 16.00616285,
            "p(99)": 20.894536529999996
        },
        "http_req_duration{expected_response:true}": {
            "max": 895.804992,
            "p(90)": 14.539235099999999,
            "p(95)": 16.0298456,
            "p(99)": 20.91789829999999,
            "avg": 12.488377756451314,
            "min": 8.903806,
            "med": 11.695042
        },
        "vus": {
            "value": 1,
            "min": 1,
            "max": 50
        },
        "checks": {
            "passes": 299007,
            "fails": 0,
            "value": 1
        },
        "http_req_receiving": {
            "p(90)": 0.022331,
            "p(95)": 0.026089649999999964,
            "p(99)": 0.04285529999999993,
            "avg": 0.017251249083636427,
            "min": 0.005663,
            "med": 0.015674,
            "max": 4.260321
        },
        "http_req_failed": {
            "passes": 0,
            "fails": 299008,
            "thresholds": {
                "rate<0.05": false
            },
            "value": 0
        },
        "http_req_sending": {
            "p(95)": 0.008088,
            "p(99)": 0.014379439999999945,
            "avg": 0.005442558607127526,
            "min": 0.002131,
            "med": 0.004929,
            "max": 2.831324,
            "p(90)": 0.007089
        },
        "iteration_duration": {
            "avg": 12.554143652646797,
            "min": 8.947734,
            "med": 11.759087,
            "max": 895.85419,
            "p(90)": 14.609974800000003,
            "p(95)": 16.106514600000004,
            "p(99)": 21.02509244
        },
        "iterations": {
            "count": 299007,
            "rate": 3321.4369328427833
        },
        "data_sent": {
            "count": 32292842,
            "rate": 358716.14405434194
        },
        "vus_max": {
            "value": 50,
            "min": 50,
            "max": 50
        },
        "server_compute_us": {
            "p(90)": 881,
            "p(95)": 1065,
            "p(99)": 1553,
            "avg": 660.2467166320521,
            "min": 272,
            "med": 623,
            "max": 7387
        },
        "http_req_connecting": {
            "avg": 0.0018689089154805222,
            "min": 0,
            "med": 0,
            "max": 29.443168,
            "p(90)": 0,
            "p(95)": 0,
            "p(99)": 0
        },
        "data_received": {
            "count": 53242128,
            "rate": 591425.5195441674
        }
    }
}