{
    "root_group": {
        "id": "d41d8cd98f00b204e9800998ecf8427e",
        "groups": {},
        "checks": {
                "status 200": {
                    "name": "status 200",
                    "path": "::status 200",
                    "id": "fad9fa412b86fcb03bee97c80dcd61f1",
                    "passes": 303877,
                    "fails": 0
                }
            },
        "name": "",
        "path": ""
    },
    "metrics": {
        "data_sent": {
            "count": 31603290,
            "rate": 351026.3616639047
        },
        "vus": {
            "value": 1,
            "min": 1,
            "max": 50
        },
        "http_req_receiving": {
            "p(90)": 0.047893,
            "p(95)": 0.056157,
            "p(99)": 0.20751850999999932,
            "avg": 0.03932860837243812,
            "min": 0.007733,
            "med": 0.028459,
            "max": 25.717631
        },
        "vus_max": {
            "value": 50,
            "min": 50,
            "max": 50
        },
        "server_compute_us": {
            "p(90)": 1236,
            "p(95)": 1935,
            "p(99)": 4438.239999999991,
            "avg": 625.1103703143048,
            "min": 115,
            "med": 327,
            "max": 25459
        },
        "http_req_duration": {
            "p(99)": 26.140269959999966,
            "avg": 12.209750353760551,
            "min": 8.65336,
            "med": 11.114745,
            "max": 458.606802,
            "p(90)": 14.716996899999996,
            "p(95)": 17.085887749999998,
            "thresholds": {
                "p(95)<5000": false,
                "p(99)<10000": false
            }
        },
        "http_req_failed": {
            "passes": 0,
            "fails": 303878,
            "thresholds": {
                "rate<0.05": false
            },
            "value": 0
        },
        "checks": {
            "passes": 303877,
            "fails": 0,
            "value": 1
        },
        "http_req_blocked": {
            "max": 58.473463,
            "p(90)": 0.00518,
            "p(95)": 0.006118,
            "p(99)": 0.015026,
            "avg": 0.005944820829411745,
            "min": 0.001003,
            "med": 0.003071
        },
        "http_req_waiting": {
            "avg": 12.157349521051522,
            "min": 8.62294,
            "med": 11.067964,
            "max": 458.557658,
            "p(90)": 14.650241099999999,
            "p(95)": 16.989788249999997,
            "p(99)": 26.00730779999994
        },
        "http_req_sending": {
            "avg": 0.013072224336740313,
            "min": 0.003037,
            "med": 0.009131,
            "max": 13.986494,
            "p(90)": 0.015713,
            "p(95)": 0.019095149999999967,
            "p(99)": 0.06369390999999969
        },
        "http_req_duration{expected_response:true}": {
            "p(99)": 26.140269959999966,
            "avg": 12.209750353760551,
            "min": 8.65336,
            "med": 11.114745,
            "max": 458.606802,
            "p(90)": 14.716996899999996,
            "p(95)": 17.085887749999998
        },
        "data_received": {
            "count": 55044781,
            "rate": 611397.3957463425
        },
        "iterations": {
            "count": 303877,
            "rate": 3375.2447198801883
        },
        "http_reqs": {
            "count": 303878,
            "rate": 3375.2558271529333
        },
        "http_req_connecting": {
            "min": 0,
            "med": 0,
            "max": 58.39934,
            "p(90)": 0,
            "p(95)": 0,
            "p(99)": 0,
            "avg": 0.0020296751294927567
        },
        "http_req_tls_handshaking": {
            "avg": 0,
            "min": 0,
            "med": 0,
            "max": 0,
            "p(90)": 0,
            "p(95)": 0,
            "p(99)": 0
        },
        "iteration_duration": {
            "avg": 12.346207974068507,
            "min": 8.726985,
            "med": 11.245598,
            "max": 458.765761,
            "p(90)": 14.8752182,
            "p(95)": 17.280268400000008,
            "p(99)": 26.32189956
        }
    }
}