{
    "metrics": {
        "http_reqs": {
            "count": 87778,
            "rate": 975.011917123367
        },
        "http_req_connecting": {
            "avg": 0.006012942103944042,
            "min": 0,
            "med": 0,
            "max": 12.519357,
            "p(90)": 0,
            "p(95)": 0,
            "p(99)": 0
        },
        "http_req_duration{expected_response:true}": {
            "avg": 42.61771262552169,
            "min": 8.863592,
            "med": 35.537411,
            "max": 303.483289,
            "p(90)": 82.3590911,
            "p(95)": 89.51672909999999,
            "p(99)": 99.20317726999998
        },
        "http_req_receiving": {
            "p(99)": 0.3108787399999966,
            "avg": 0.08105440777871467,
            "min": 0.005946,
            "med": 0.0268595,
            "max": 68.318939,
            "p(90)": 0.0576483,
            "p(95)": 0.07138489999999997
        },
        "http_req_sending": {
            "p(99)": 0.08077017999999891,
            "avg": 0.018366453860876174,
            "min": 0.002194,
            "med": 0.007568500000000001,
            "max": 50.995396,
            "p(90)": 0.017829600000000008,
            "p(95)": 0.022002
        },
        "vus_max": {
            "value": 50,
            "min": 50,
            "max": 50
        },
        "http_req_tls_handshaking": {
            "max": 0,
            "p(90)": 0,
            "p(95)": 0,
            "p(99)": 0,
            "avg": 0,
            "min": 0,
            "med": 0
        },
        "server_compute_us": {
            "avg": 1432.4094808435011,
            "min": 274,
            "med": 415,
            "max": 76510,
            "p(90)": 499,
            "p(95)": 601,
            "p(99)": 50360.48000000001
        },
        "http_req_duration": {
            "avg": 42.61771262552169,
            "min": 8.863592,
            "med": 35.537411,
            "max": 303.483289,
            "p(90)": 82.3590911,
            "p(95)": 89.51672909999999,
            "p(99)": 99.20317726999998,
            "thresholds": {
                "p(99)<10000": false,
                "p(95)<5000": false
            }
        },
        "data_received": {
            "count": 15629747,
            "rate": 173610.5810866412
        },
        "iterations": {
            "count": 87777,
            "rate": 975.0008094207863
        },
        "vus": {
            "max": 50,
            "value": 1,
            "min": 1
        },
        "http_req_failed": {
            "passes": 0,
            "fails": 87778,
            "thresholds": {
                "rate<0.05": false
            },
            "value": 0
        },
        "http_req_blocked": {
            "avg": 0.010151139693317037,
            "min": 0.000718,
            "med": 0.002488,
            "max": 12.831801,
            "p(90)": 0.005782,
            "p(95)": 0.006816149999999994,
            "p(99)": 0.013906219999999943
        },
        "http_req_waiting": {
            "med": 35.455871,
            "max": 303.459015,
            "p(90)": 82.16966230000004,
            "p(95)": 89.37946844999999,
            "p(99)": 98.65164931,
            "avg": 42.518291763882,
            "min": 8.850579
        },
        "iteration_duration": {
            "p(95)": 89.6932508,
            "p(99)": 99.42504512000002,
            "avg": 42.77890696301956,
            "min": 8.917629,
            "med": 35.684924,
            "max": 303.546728,
            "p(90)": 82.54773700000001
        },
        "checks": {
            "passes": 87777,
            "fails": 0,
            "value": 1
        },
        "data_sent": {
            "count": 9392224,
            "rate": 104326.03076274348
        }
    },
    "root_group": {
        "groups": {},
        "checks": {
                "status 200": {
                    "fails": 0,
                    "name": "status 200",
                    "path": "::status 200",
                    "id": "fad9fa412b86fcb03bee97c80dcd61f1",
                    "passes": 87777
                }
            },
        "name": "",
        "path": "",
        "id": "d41d8cd98f00b204e9800998ecf8427e"
    }
}