{
    "root_group": {
        "name": "",
        "path": "",
        "id": "d41d8cd98f00b204e9800998ecf8427e",
        "groups": {},
        "checks": {
                "status 200": {
                    "path": "::status 200",
                    "id": "fad9fa412b86fcb03bee97c80dcd61f1",
                    "passes": 311723,
                    "fails": 0,
                    "name": "status 200"
                }
            }
    },
    "metrics": {
        "http_reqs": {
            "count": 311724,
            "rate": 3462.280235209506
        },
        "http_req_connecting": {
            "p(90)": 0,
            "p(95)": 0,
            "p(99)": 0,
            "avg": 0.005065705473431626,
            "min": 0,
            "med": 0,
            "max": 1048.541824
        },
        "vus": {
            "value": 1,
            "min": 1,
            "max": 50
        },
        "http_req_tls_handshaking": {
            "med": 0,
            "max": 0,
            "p(90)": 0,
            "p(95)": 0,
            "p(99)": 0,
            "avg": 0,
            "min": 0
        },
        "http_req_blocked": {
            "max": 1048.581826,
            "p(90)": 0.002461,
            "p(95)": 0.002791,
            "p(99)": 0.00625,
            "avg": 0.006974215004298314,
            "min": 0.000727,
            "med": 0.001758
        },
        "iterations": {
            "count": 311723,
            "rate": 3462.269128332155
        },
        "http_req_duration{expected_response:true}": {
            "avg": 11.9736584393694,
            "min": 8.700644,
            "med": 10.658182499999999,
            "max": 1747.19054,
            "p(90)": 12.6287088,
            "p(95)": 13.8006422,
            "p(99)": 19.278257230000015
        },
        "server_compute_us": {
            "max": 16066,
            "p(90)": 802,
            "p(95)": 1035,
            "p(99)": 2005,
            "avg": 432.1544993471768,
            "min": 110,
            "med": 291
        },
        "http_req_sending": {
            "med": 0.005093,
            "max": 28.535123,
            "p(90)": 0.007233,
            "p(95)": 0.008313,
            "p(99)": 0.017136770000000016,
            "avg": 0.006007452287921367,
            "min": 0.002237
        },
        "data_sent": {
            "count": 33666170,
            "rate": 373926.0210513249
        },
        "vus_max": {
            "value": 50,
            "min": 50,
            "max": 50
        },
        "checks": {
            "passes": 311723,
            "fails": 0,
            "value": 1
        },
        "http_req_receiving": {
            "p(99)": 0.05391955000000028,
            "avg": 0.019640180810588312,
            "min": 0.005617,
            "med": 0.015897,
            "max": 28.593005,
            "p(90)": 0.023345,
            "p(95)": 0.026945
        },
        "http_req_failed": {
            "passes": 0,
            "fails": 311724,
            "thresholds": {
                "rate<0.05": false
            },
            "value": 0
        },
        "iteration_duration": {
            "min": 8.747991,
            "med": 10.727275,
            "max": 1747.243365,
            "p(90)": 12.7072862,
            "p(95)": 13.886780499999993,
            "p(99)": 19.521714539999664,
            "avg": 12.049369182033349
        },
        "http_req_waiting": {
            "med": 10.6341465,
            "max": 1747.174926,
            "p(90)": 12.6014443,
            "p(95)": 13.77315675,
            "p(99)": 19.212245770000038,
            "avg": 11.948010806271094,
            "min": 8.677812
        },
        "data_received": {
            "rate": 626862.7168168783,
            "count": 56439150
        },
        "http_req_duration": {
            "p(99)": 19.278257230000015,
            "avg": 11.9736584393694,
            "min": 8.700644,
            "med": 10.658182499999999,
            "max": 1747.19054,
            "p(90)": 12.6287088,
            "p(95)": 13.8006422,
            "thresholds": {
                "p(99)<10000": false,
                "p(95)<5000": false
            }
        }
    }
}