{
    "root_group": {
        "name": "",
        "path": "",
        "id": "d41d8cd98f00b204e9800998ecf8427e",
        "groups": {},
        "checks": {
                "status 200": {
                    "name": "status 200",
                    "path": "::status 200",
                    "id": "fad9fa412b86fcb03bee97c80dcd61f1",
                    "passes": 274367,
                    "fails": 0
                }
            }
    },
    "metrics": {
        "http_reqs": {
            "count": 274368,
            "rate": 3047.7496167103945
        },
        "vus_max": {
            "value": 50,
            "min": 50,
            "max": 50
        },
        "http_req_sending": {
            "avg": 0.011657043962852746,
            "min": 0.002888,
            "med": 0.00726,
            "max": 18.496129,
            "p(90)": 0.014711300000000017,
            "p(95)": 0.017455649999999993,
            "p(99)": 0.040151060000001335
        },
        "data_sent": {
            "count": 28534250,
            "rate": 316965.71575627837
        },
        "iteration_duration": {
            "max": 1053.27706,
            "p(90)": 17.180106199999997,
            "p(95)": 19.1051355,
            "p(99)": 24.532561080000004,
            "avg": 13.677277012552365,
            "min": 8.996053,
            "med": 12.804783
        },
        "data_received": {
            "count": 48876190,
            "rate": 542929.165714531
        },
        "http_req_blocked": {
            "med": 0.002392,
            "max": 1040.355905,
            "p(90)": 0.004817,
            "p(95)": 0.005772649999999995,
            "p(99)": 0.013035660000000032,
            "avg": 0.009525981018194678,
            "min": 0.000949
        },
        "checks": {
            "fails": 0,
            "passes": 274367,
            "value": 1
        },
        "http_req_duration": {
            "min": 8.902783,
            "med": 12.694312499999999,
            "max": 441.655806,
            "p(90)": 17.047044900000003,
            "p(95)": 18.95633925,
            "p(99)": 24.322280740000018,
            "avg": 13.555875873297856,
            "thresholds": {
                "p(95)<5000": false,
                "p(99)<10000": false
            }
        },
        "http_req_failed": {
            "passes": 0,
            "fails": 274368,
            "thresholds": {
                "rate<0.05": false
            },
            "value": 0
        },
        "http_req_receiving": {
            "avg": 0.035521255623834236,
            "min": 0.006942,
            "med": 0.023931,
            "max": 23.175942,
            "p(90)": 0.04467830000000002,
            "p(95)": 0.052611649999999996,
            "p(99)": 0.10807187000000064
        },
        "server_compute_us": {
            "p(90)": 1132,
            "p(95)": 1400,
            "p(99)": 2437,
            "avg": 796.669388082386,
            "min": 320,
            "med": 716,
            "max": 11612
        },
        "vus": {
            "value": 1,
            "min": 1,
            "max": 50
        },
        "http_req_connecting": {
            "p(99)": 0,
            "avg": 0.006081778709616282,
            "min": 0,
            "med": 0,
            "max": 1040.275415,
            "p(90)": 0,
            "p(95)": 0
        },
        "http_req_waiting": {
            "p(90)": 16.991960900000002,
            "p(95)": 18.887500099999997,
            "p(99)": 24.19588856000001,
            "avg": 13.508697573711299,
            "min": 8.873128,
            "med": 12.6539435,
            "max": 441.627495
        },
        "http_req_duration{expected_response:true}": {
            "p(99)": 24.322280740000018,
            "avg": 13.555875873297856,
            "min": 8.902783,
            "med": 12.694312499999999,
            "max": 441.655806,
            "p(90)": 17.047044900000003,
            "p(95)": 18.95633925
        },
        "http_req_tls_handshaking": {
            "avg": 0,
            "min": 0,
            "med": 0,
            "max": 0,
            "p(90)": 0,
            "p(95)": 0,
            "p(99)": 0
        },
        "iterations": {
            "rate": 3047.738508455727,
            "count": 274367
        }
    }
}