{
    "root_group": {
        "checks": {
            "status 200": {
                "fails": 0,
                "name": "status 200",
                "path": "::status 200",
                "id": "fad9fa412b86fcb03bee97c80dcd61f1",
                "passes": 231254
            }
        },
        "name": "",
        "path": "",
        "id": "d41d8cd98f00b204e9800998ecf8427e",
        "groups": {}
    },
    "metrics": {
        "http_req_duration{expected_response:true}": {
            "p(95)": 25.1716962,
            "p(99)": 32.95466473999998,
            "avg": 16.13954368070326,
            "min": 9.253209,
            "med": 15.158233,
            "max": 441.381836,
            "p(90)": 22.25216
        },
        "http_req_failed": {
            "fails": 231255,
            "passes": 0,
            "thresholds": {
                "rate<0.05": false
            },
            "value": 0
        },
        "http_req_connecting": {
            "avg": 0.002319988017556377,
            "min": 0,
            "med": 0,
            "max": 13.619821,
            "p(90)": 0,
            "p(95)": 0,
            "p(99)": 0
        },
        "iteration_duration": {
            "min": 9.345338,
            "med": 15.246421999999999,
            "max": 441.524502,
            "p(90)": 22.3474811,
            "p(95)": 25.274415949999995,
            "p(99)": 33.06144968000001,
            "avg": 16.231192258494975
        },
        "server_compute_us": {
            "min": 270,
            "med": 645,
            "max": 36202,
            "p(90)": 3794,
            "p(95)": 5264,
            "p(99)": 9498.470000000001,
            "avg": 1637.5705458067753
        },
        "http_req_receiving": {
            "max": 15.420359,
            "p(90)": 0.0386366,
            "p(95)": 0.049019599999999976,
            "p(99)": 0.07924541999999977,
            "avg": 0.02849696047220596,
            "min": 0.007584,
            "med": 0.022101
        },
        "data_received": {
            "count": 45188512,
            "rate": 501893.6131452596
        },
        "http_reqs": {
            "count": 231255,
            "rate": 2568.471551085971
        },
        "http_req_sending": {
            "med": 0.006292,
            "max": 11.958985,
            "p(90)": 0.011743,
            "p(95)": 0.015229,
            "p(99)": 0.029262759999999954,
            "avg": 0.0081851191368834,
            "min": 0.002913
        },
        "iterations": {
            "count": 231254,
            "rate": 2568.4604444221104
        },
        "http_req_duration": {
            "avg": 16.13954368070326,
            "min": 9.253209,
            "med": 15.158233,
            "max": 441.381836,
            "p(90)": 22.25216,
            "p(95)": 25.1716962,
            "p(99)": 32.95466473999998,
            "thresholds": {
                "p(95)<5000": false,
                "p(99)<10000": false
            }
        },
        "http_req_blocked": {
            "max": 13.755665,
            "p(90)": 0.003837,
            "p(95)": 0.004838,
            "p(99)": 0.009954919999999983,
            "avg": 0.00490961973146532,
            "min": 0.000952,
            "med": 0.002113
        },
        "vus_max": {
            "value": 50,
            "min": 50,
            "max": 50
        },
        "data_sent": {
            "count": 24050498,
            "rate": 267120.796966336
        },
        "http_req_waiting": {
            "med": 15.124751,
            "max": 441.34001,
            "p(90)": 22.211008,
            "p(95)": 25.1205909,
            "p(99)": 32.896195479999946,
            "avg": 16.102861601094308,
            "min": 9.207933
        },
        "checks": {
            "passes": 231254,
            "fails": 0,
            "value": 1
        },
        "http_req_tls_handshaking": {
            "p(99)": 0,
            "avg": 0,
            "min": 0,
            "med": 0,
            "max": 0,
            "p(90)": 0,
            "p(95)": 0
        },
        "vus": {
            "value": 1,
            "min": 1,
            "max": 50
        }
    }
}