{
    "root_group": {
        "name": "",
        "path": "",
        "id": "d41d8cd98f00b204e9800998ecf8427e",
        "groups": {},
        "checks": {
                "status 200": {
                    "name": "status 200",
                    "path": "::status 200",
                    "id": "fad9fa412b86fcb03bee97c80dcd61f1",
                    "passes": 256276,
                    "fails": 0
                }
            }
    },
    "metrics": {
        "iterations": {
            "count": 256276,
            "rate": 2846.1042303388144
        },
        "http_req_failed": {
            "passes": 0,
            "fails": 256277,
            "thresholds": {
                "rate<0.05": false
            },
            "value": 0
        },
        "http_req_blocked": {
            "p(99)": 0.007427,
            "avg": 0.005760014039496119,
            "min": 0.000708,
            "med": 0.00167,
            "max": 121.492776,
            "p(90)": 0.003295,
            "p(95)": 0.004448
        },
        "server_compute_us": {
            "avg": 1036.6514851176075,
            "min": 296,
            "med": 590,
            "max": 29600,
            "p(90)": 2187,
            "p(95)": 3015,
            "p(99)": 5424
        },
        "vus_max": {
            "value": 50,
            "min": 50,
            "max": 50
        },
        "iteration_duration": {
            "med": 12.91577,
            "max": 776.722963,
            "p(90)": 17.917918,
            "p(95)": 20.3496645,
            "p(99)": 35.767762499999996,
            "avg": 14.648248226950537,
            "min": 9.071635
        },
        "http_req_duration{expected_response:true}": {
            "med": 12.839728,
            "max": 776.590769,
            "p(90)": 17.8308252,
            "p(95)": 20.24576039999999,
            "p(99)": 35.63244783999991,
            "avg": 14.568917237726842,
            "min": 9.02713
        },
        "vus": {
            "value": 1,
            "min": 1,
            "max": 50
        },
        "http_req_connecting": {
            "avg": 0.00360561586486497,
            "min": 0,
            "med": 0,
            "max": 121.448583,
            "p(90)": 0,
            "p(95)": 0,
            "p(99)": 0
        },
        "http_req_waiting": {
            "avg": 14.537320316192652,
            "min": 9.012071,
            "med": 12.811463,
            "max": 776.556062,
            "p(90)": 17.7884484,
            "p(95)": 20.192876199999994,
            "p(99)": 35.47445803999988
        },
        "checks": {
            "passes": 256276,
            "fails": 0,
            "value": 1
        },
        "http_reqs": {
            "count": 256277,
            "rate": 2846.1153359602163
        },
        "http_req_sending": {
            "med": 0.004941,
            "max": 14.193771,
            "p(90)": 0.00999,
            "p(95)": 0.013236,
            "p(99)": 0.023159959999999962,
            "avg": 0.007016475161641467,
            "min": 0.002106
        },
        "data_received": {
            "count": 50044215,
            "rate": 555772.1051346406
        },
        "http_req_tls_handshaking": {
            "min": 0,
            "med": 0,
            "max": 0,
            "p(90)": 0,
            "p(95)": 0,
            "p(99)": 0,
            "avg": 0
        },
        "http_req_duration": {
            "max": 776.590769,
            "p(90)": 17.8308252,
            "p(95)": 20.24576039999999,
            "p(99)": 35.63244783999991,
            "avg": 14.568917237726842,
            "min": 9.02713,
            "med": 12.839728,
            "thresholds": {
                "p(95)<5000": false,
                "p(99)<10000": false
            }
        },
        "http_req_receiving": {
            "max": 18.030243,
            "p(90)": 0.03265079999999999,
            "p(95)": 0.042601199999999985,
            "p(99)": 0.0753113999999999,
            "avg": 0.024580446372480004,
            "min": 0.005941,
            "med": 0.017017
        },
        "data_sent": {
            "count": 27677894,
            "rate": 307380.2119600325
        }
    }
}