{
    "root_group": {
        "id": "d41d8cd98f00b204e9800998ecf8427e",
        "groups": {},
        "checks": {
                "status 200": {
                    "name": "status 200",
                    "path": "::status 200",
                    "id": "fad9fa412b86fcb03bee97c80dcd61f1",
                    "passes": 88143,
                    "fails": 0
                }
            },
        "name": "",
        "path": ""
    },
    "metrics": {
        "server_compute_us": {
            "p(99)": 40522.24000000005,
            "avg": 2810.2053708178755,
            "min": 1028,
            "med": 1758,
            "max": 55264,
            "p(90)": 2066,
            "p(95)": 4897
        },
        "http_req_duration": {
            "avg": 42.52373198467296,
            "min": 9.963584,
            "med": 40.9826225,
            "max": 333.766863,
            "p(90)": 76.691714,
            "p(95)": 82.64338464999994,
            "p(99)": 90.5791213399999,
            "thresholds": {
                "p(95)<5000": false,
                "p(99)<10000": false
            }
        },
        "http_req_tls_handshaking": {
            "max": 0,
            "p(90)": 0,
            "p(95)": 0,
            "p(99)": 0,
            "avg": 0,
            "min": 0,
            "med": 0
        },
        "http_req_connecting": {
            "avg": 0.0060489550962062105,
            "min": 0,
            "med": 0,
            "max": 14.99741,
            "p(90)": 0,
            "p(95)": 0,
            "p(99)": 0
        },
        "http_req_duration{expected_response:true}": {
            "max": 333.766863,
            "p(90)": 76.691714,
            "p(95)": 82.64338464999994,
            "p(99)": 90.5791213399999,
            "avg": 42.52373198467296,
            "min": 9.963584,
            "med": 40.9826225
        },
        "http_req_receiving": {
            "avg": 0.023572780416137307,
            "min": 0.005886,
            "med": 0.019275,
            "max": 2.760556,
            "p(90)": 0.038812,
            "p(95)": 0.05345879999999993,
            "p(99)": 0.08255925999999986
        },
        "data_sent": {
            "rate": 104754.08920840602,
            "count": 9431386
        },
        "vus": {
            "min": 1,
            "max": 50,
            "value": 1
        },
        "http_req_failed": {
            "passes": 0,
            "fails": 88144,
            "thresholds": {
                "rate<0.05": false
            },
            "value": 0
        },
        "http_req_blocked": {
            "avg": 0.008031902387003085,
            "min": 0.000718,
            "med": 0.001586,
            "max": 15.035059,
            "p(90)": 0.002969,
            "p(95)": 0.004662,
            "p(99)": 0.007343
        },
        "checks": {
            "passes": 88143,
            "fails": 0,
            "value": 1
        },
        "http_req_sending": {
            "p(90)": 0.009575699999999996,
            "p(95)": 0.014987699999999982,
            "p(99)": 0.023739,
            "avg": 0.006244526434017126,
            "min": 0.002229,
            "med": 0.004854,
            "max": 4.160554
        },
        "iteration_duration": {
            "min": 10.039124,
            "med": 41.080473,
            "max": 333.891918,
            "p(90)": 76.7695978,
            "p(95)": 82.73483209999999,
            "p(99)": 90.67521370000003,
            "avg": 42.60467425355442
        },
        "vus_max": {
            "value": 50,
            "min": 50,
            "max": 50
        },
        "iterations": {
            "count": 88143,
            "rate": 979.001356226596
        },
        "http_req_waiting": {
            "med": 40.9498505,
            "max": 333.728397,
            "p(90)": 76.66446189999999,
            "p(95)": 82.61599339999998,
            "p(99)": 90.54175776999999,
            "avg": 42.49391467782182,
            "min": 9.927203
        },
        "data_received": {
            "count": 15869449,
            "rate": 176261.43985987315
        },
        "http_reqs": {
            "count": 88144,
            "rate": 979.012463193187
        }
    }
}