{
    "metrics": {
        "data_sent": {
            "count": 12419034,
            "rate": 137943.78883877402
        },
        "checks": {
            "passes": 119413,
            "fails": 0,
            "value": 1
        },
        "http_reqs": {
            "count": 119414,
            "rate": 1326.3849346409197
        },
        "http_req_failed": {
            "passes": 0,
            "fails": 119414,
            "thresholds": {
                "rate<0.05": false
            },
            "value": 0
        },
        "vus_max": {
            "value": 50,
            "min": 50,
            "max": 50
        },
        "http_req_duration{expected_response:true}": {
            "avg": 31.323704604660932,
            "min": 10.310552,
            "med": 29.99989,
            "max": 280.262377,
            "p(90)": 47.800397499999995,
            "p(95)": 53.839351999999984,
            "p(99)": 65.23065376
        },
        "http_req_duration": {
            "p(90)": 47.800397499999995,
            "p(95)": 53.839351999999984,
            "p(99)": 65.23065376,
            "avg": 31.323704604660932,
            "min": 10.310552,
            "med": 29.99989,
            "max": 280.262377,
            "thresholds": {
                "p(95)<5000": false,
                "p(99)<10000": false
            }
        },
        "vus": {
            "max": 50,
            "value": 1,
            "min": 1
        },
        "http_req_connecting": {
            "med": 0,
            "max": 13.133617,
            "p(90)": 0,
            "p(95)": 0,
            "p(99)": 0,
            "avg": 0.004421000937913478,
            "min": 0
        },
        "http_req_sending": {
            "p(90)": 0.017162,
            "p(95)": 0.020386,
            "p(99)": 0.03914808999999997,
            "avg": 0.010195180590215569,
            "min": 0.002929,
            "med": 0.0077494999999999994,
            "max": 2.555653
        },
        "http_req_waiting": {
            "min": 10.216166,
            "med": 29.9597305,
            "max": 280.227924,
            "p(90)": 47.758436599999996,
            "p(95)": 53.79801149999997,
            "p(99)": 65.20515459999996,
            "avg": 31.28047160713163
        },
        "http_req_receiving": {
            "p(90)": 0.0540907,
            "p(95)": 0.06197534999999999,
            "p(99)": 0.08950582999999997,
            "avg": 0.03303781693938739,
            "min": 0.00818,
            "med": 0.0274955,
            "max": 4.504322
        },
        "server_compute_us": {
            "p(95)": 11697,
            "p(99)": 14935.880000000005,
            "avg": 6235.510807031061,
            "min": 1026,
            "med": 6289,
            "max": 40358,
            "p(90)": 10391.800000000003
        },
        "iteration_duration": {
            "max": 280.341809,
            "p(90)": 47.911711200000006,
            "p(95)": 53.95577839999997,
            "p(99)": 65.36396492000009,
            "avg": 31.439494224405955,
            "min": 10.448045,
            "med": 30.117693
        },
        "http_req_blocked": {
            "p(99)": 0.015124659999999917,
            "avg": 0.0077176812015342525,
            "min": 0.000988,
            "med": 0.002425,
            "max": 13.248216,
            "p(90)": 0.005208,
            "p(95)": 0.006057
        },
        "data_received": {
            "count": 21509146,
            "rate": 238911.7457868592
        },
        "iterations": {
            "count": 119413,
            "rate": 1326.3738271917543
        },
        "http_req_tls_handshaking": {
            "med": 0,
            "max": 0,
            "p(90)": 0,
            "p(95)": 0,
            "p(99)": 0,
            "avg": 0,
            "min": 0
        }
    },
    "root_group": {
        "name": "",
        "path": "",
        "id": "d41d8cd98f00b204e9800998ecf8427e",
        "groups": {},
        "checks": {
                "status 200": {
                    "path": "::status 200",
                    "id": "fad9fa412b86fcb03bee97c80dcd61f1",
                    "passes": 119413,
                    "fails": 0,
                    "name": "status 200"
                }
            }
    }
}