{
    "root_group": {
        "groups": {},
        "checks": {
                "status 200": {
                    "fails": 0,
                    "name": "status 200",
                    "path": "::status 200",
                    "id": "fad9fa412b86fcb03bee97c80dcd61f1",
                    "passes": 128009
                }
            },
        "name": "",
        "path": "",
        "id": "d41d8cd98f00b204e9800998ecf8427e"
    },
    "metrics": {
        "http_req_failed": {
            "passes": 0,
            "fails": 128010,
            "thresholds": {
                "rate<0.05": false
            },
            "value": 0
        },
        "http_req_waiting": {
            "med": 26.9762415,
            "max": 345.371538,
            "p(90)": 46.0173089,
            "p(95)": 52.88683139999995,
            "p(99)": 65.47264616000004,
            "avg": 29.24164105850302,
            "min": 10.031276
        },
        "server_compute_us": {
            "max": 46716,
            "p(90)": 9595,
            "p(95)": 10902,
            "p(99)": 14538.759999999995,
            "avg": 5542.37047395105,
            "min": 1058,
            "med": 5329
        },
        "http_req_sending": {
            "p(90)": 0.007013,
            "p(95)": 0.008443549999999989,
            "p(99)": 0.01884264000000001,
            "avg": 0.005207163830950709,
            "min": 0.002266,
            "med": 0.004494,
            "max": 5.558574
        },
        "iterations": {
            "count": 128009,
            "rate": 1421.865398592598
        },
        "http_reqs": {
            "count": 128010,
            "rate": 1421.8765061350255
        },
        "http_req_receiving": {
            "max": 0.965778,
            "p(90)": 0.027042100000000006,
            "p(95)": 0.03280164999999997,
            "p(99)": 0.06040603000000011,
            "avg": 0.018440038981329156,
            "min": 0.00556,
            "med": 0.016346
        },
        "checks": {
            "passes": 128009,
            "fails": 0,
            "value": 1
        },
        "vus": {
            "value": 1,
            "min": 1,
            "max": 50
        },
        "http_req_blocked": {
            "med": 0.001519,
            "max": 131.917327,
            "p(90)": 0.002277,
            "p(95)": 0.002638,
            "p(99)": 0.006376820000000007,
            "avg": 0.006994844730880228,
            "min": 0.000742
        },
        "vus_max": {
            "value": 50,
            "min": 50,
            "max": 50
        },
        "http_req_tls_handshaking": {
            "avg": 0,
            "min": 0,
            "med": 0,
            "max": 0,
            "p(90)": 0,
            "p(95)": 0,
            "p(99)": 0
        },
        "http_req_connecting": {
            "min": 0,
            "med": 0,
            "max": 131.874584,
            "p(90)": 0,
            "p(95)": 0,
            "p(99)": 0,
            "avg": 0.005282089992969298
        },
        "data_sent": {
            "count": 13825058,
            "rate": 153562.41829664935
        },
        "data_received": {
            "count": 23051777,
            "rate": 256048.59105510302
        },
        "iteration_duration": {
            "p(90)": 46.101585199999995,
            "p(95)": 52.983387999999984,
            "p(99)": 65.56509172,
            "avg": 29.332954420634326,
            "min": 10.141162,
            "med": 27.059375,
            "max": 345.546572
        },
        "http_req_duration": {
            "med": 26.9981845,
            "max": 345.420882,
            "p(90)": 46.0392609,
            "p(95)": 52.913544949999974,
            "p(99)": 65.49379719000002,
            "avg": 29.26528826131554,
            "min": 10.073097,
            "thresholds": {
                "p(99)<10000": false,
                "p(95)<5000": false
            }
        },
        "http_req_duration{expected_response:true}": {
            "p(99)": 65.49379719000002,
            "avg": 29.26528826131554,
            "min": 10.073097,
            "med": 26.9981845,
            "max": 345.420882,
            "p(90)": 46.0392609,
            "p(95)": 52.913544949999974
        }
    }
}