{
    "root_group": {
        "name": "",
        "path": "",
        "id": "d41d8cd98f00b204e9800998ecf8427e",
        "groups": {},
        "checks": {
                "status 200": {
                    "name": "status 200",
                    "path": "::status 200",
                    "id": "fad9fa412b86fcb03bee97c80dcd61f1",
                    "passes": 213743,
                    "fails": 0
                }
            }
    },
    "metrics": {
        "checks": {
            "passes": 213743,
            "fails": 0,
            "value": 1
        },
        "http_req_blocked": {
            "avg": 0.004216877732240186,
            "min": 0.00072,
            "med": 0.001436,
            "max": 12.300961,
            "p(90)": 0.002321,
            "p(95)": 0.0028578499999999765,
            "p(99)": 0.005126140000000014
        },
        "http_req_connecting": {
            "max": 12.264937,
            "p(90)": 0,
            "p(95)": 0,
            "p(99)": 0,
            "avg": 0.002518016206302866,
            "min": 0,
            "med": 0
        },
        "http_req_tls_handshaking": {
            "med": 0,
            "max": 0,
            "p(90)": 0,
            "p(95)": 0,
            "p(99)": 0,
            "avg": 0,
            "min": 0
        },
        "data_received": {
            "count": 41686868,
            "rate": 463056.03455377097
        },
        "http_req_sending": {
            "p(95)": 0.008742849999999977,
            "p(99)": 0.014945280000000028,
            "avg": 0.005111715851672972,
            "min": 0.002162,
            "med": 0.004395,
            "max": 2.433181,
            "p(90)": 0.007122
        },
        "http_req_waiting": {
            "p(90)": 41.946970900000004,
            "p(95)": 49.57054349999998,
            "p(99)": 62.41799295000007,
            "avg": 17.475577741059446,
            "min": 9.00403,
            "med": 11.548152,
            "max": 254.712919
        },
        "vus": {
            "max": 50,
            "value": 1,
            "min": 1
        },
        "vus_max": {
            "value": 50,
            "min": 50,
            "max": 50
        },
        "http_reqs": {
            "count": 213744,
            "rate": 2374.259660132328
        },
        "iterations": {
            "count": 213743,
            "rate": 2374.248552172993
        },
        "http_req_duration": {
            "max": 254.743698,
            "p(90)": 41.9687087,
            "p(95)": 49.591589049999996,
            "p(99)": 62.43811722,
            "avg": 17.499836627694403,
            "min": 9.016336,
            "med": 11.5718605,
            "thresholds": {
                "p(95)<5000": false,
                "p(99)<10000": false
            }
        },
        "server_compute_us": {
            "p(99)": 3598,
            "avg": 657.0083511506809,
            "min": 290,
            "med": 496,
            "max": 43644,
            "p(90)": 608,
            "p(95)": 665
        },
        "iteration_duration": {
            "med": 11.635791,
            "max": 254.842738,
            "p(90)": 42.0283894,
            "p(95)": 49.654846899999995,
            "p(99)": 62.50100645999993,
            "avg": 17.5642644528896,
            "min": 9.052964
        },
        "http_req_duration{expected_response:true}": {
            "min": 9.016336,
            "med": 11.5718605,
            "max": 254.743698,
            "p(90)": 41.9687087,
            "p(95)": 49.591589049999996,
            "p(99)": 62.43811722,
            "avg": 17.499836627694403
        },
        "http_req_receiving": {
            "min": 0.006204,
            "med": 0.0160035,
            "max": 13.7178,
            "p(90)": 0.027355,
            "p(95)": 0.03333484999999997,
            "p(99)": 0.05488013000000006,
            "avg": 0.019147170783741233
        },
        "data_sent": {
            "count": 22870586,
            "rate": 254045.53925905374
        },
        "http_req_failed": {
            "passes": 0,
            "fails": 213744,
            "thresholds": {
                "rate<0.05": false
            },
            "value": 0
        }
    }
}