{
    "root_group": {
        "id": "d41d8cd98f00b204e9800998ecf8427e",
        "groups": {},
        "checks": {
                "status 200": {
                    "name": "status 200",
                    "path": "::status 200",
                    "id": "fad9fa412b86fcb03bee97c80dcd61f1",
                    "passes": 11491,
                    "fails": 0
                }
            },
        "name": "",
        "path": ""
    },
    "metrics": {
        "server_fanout_us": {
            "max": 3784968,
            "p(90)": 797610,
            "p(95)": 1535367.5,
            "p(99)": 2232126.0000000005,
            "avg": 290362.8591071273,
            "min": 51298,
            "med": 100284
        },
        "data_received": {
            "count": 2328033,
            "rate": 25854.020881673354
        },
        "http_reqs": {
            "rate": 127.62465479320534,
            "count": 11492
        },
        "http_req_sending": {
            "max": 1.151159,
            "p(90)": 0.0274419,
            "p(95)": 0.03134645,
            "p(99)": 0.09398220000000009,
            "avg": 0.02029636547163242,
            "min": 0.002407,
            "med": 0.019331
        },
        "checks": {
            "passes": 11491,
            "fails": 0,
            "value": 1
        },
        "http_req_waiting": {
            "min": 9.728292,
            "med": 117.799365,
            "max": 3800.780394,
            "p(90)": 903.7506826999995,
            "p(95)": 1687.6889439499998,
            "p(99)": 2524.825559400003,
            "avg": 326.865266396449
        },
        "http_req_tls_handshaking": {
            "p(95)": 0,
            "p(99)": 0,
            "avg": 0,
            "min": 0,
            "med": 0,
            "max": 0,
            "p(90)": 0
        },
        "http_req_receiving": {
            "p(90)": 0.1029683,
            "p(95)": 0.11228489999999999,
            "p(99)": 0.14742003000000004,
            "avg": 0.06797101566307018,
            "min": 0.007567,
            "med": 0.065142,
            "max": 5.344462
        },
        "http_req_duration{expected_response:true}": {
            "max": 3800.866901,
            "p(90)": 903.8106231999994,
            "p(95)": 1687.7946408999999,
            "p(99)": 2524.942724670003,
            "avg": 326.95353377758494,
            "min": 9.867669,
            "med": 117.819018
        },
        "iteration_duration": {
            "max": 3801.106711,
            "p(90)": 904.166377,
            "p(95)": 1688.058113,
            "p(99)": 2525.4119479000065,
            "avg": 327.26219767304866,
            "min": 60.982476,
            "med": 118.366409
        },
        "http_req_failed": {
            "passes": 0,
            "fails": 11492,
            "thresholds": {
                "rate<0.05": false
            },
            "value": 0
        },
        "http_req_connecting": {
            "p(99)": 0,
            "avg": 0.05065637991646362,
            "min": 0,
            "med": 0,
            "max": 65.624684,
            "p(90)": 0,
            "p(95)": 0
        },
        "data_sent": {
            "rate": 13783.173974103296,
            "count": 1241110
        },
        "http_req_duration": {
            "med": 117.819018,
            "max": 3800.866901,
            "p(90)": 903.8106231999994,
            "p(95)": 1687.7946408999999,
            "p(99)": 2524.942724670003,
            "avg": 326.95353377758494,
            "min": 9.867669,
            "thresholds": {
                "p(95)<5000": false,
                "p(99)<10000": false
            }
        },
        "iterations": {
            "count": 11491,
            "rate": 127.61354927155608
        },
        "vus": {
            "value": 1,
            "min": 1,
            "max": 50
        },
        "http_req_blocked": {
            "p(99)": 0.023689650000000013,
            "avg": 0.056963663243995995,
            "min": 0.000746,
            "med": 0.00593,
            "max": 65.721171,
            "p(90)": 0.008356899999999999,
            "p(95)": 0.009109899999999997
        },
        "vus_max": {
            "value": 50,
            "min": 50,
            "max": 50
        }
    }
}