{
    "metrics": {
        "http_req_tls_handshaking": {
            "p(99)": 0,
            "avg": 0,
            "min": 0,
            "med": 0,
            "max": 0,
            "p(90)": 0,
            "p(95)": 0
        },
        "data_received": {
            "count": 10213850,
            "rate": 113390.00430979101
        },
        "http_req_receiving": {
            "avg": 0.03997662593783463,
            "min": 0.006656,
            "med": 0.031716,
            "max": 3.241188,
            "p(90)": 0.072677,
            "p(95)": 0.08721639999999996,
            "p(99)": 0.11101886000000001
        },
        "http_req_failed": {
            "fails": 51315,
            "passes": 0,
            "thresholds": {
                "rate<0.05": false
            },
            "value": 0
        },
        "checks": {
            "passes": 51314,
            "fails": 0,
            "value": 1
        },
        "http_req_duration{expected_response:true}": {
            "avg": 73.06592573052751,
            "min": 10.965893,
            "med": 61.229296,
            "max": 837.165584,
            "p(90)": 65.2748534,
            "p(95)": 100.36368599999986,
            "p(99)": 408.34800794
        },
        "http_req_waiting": {
            "min": 10.830858,
            "med": 61.178281,
            "max": 837.063124,
            "p(90)": 65.2221124,
            "p(95)": 100.27837689999996,
            "p(99)": 408.24438862,
            "avg": 73.01434528929141
        },
        "http_req_duration": {
            "p(95)": 100.36368599999986,
            "p(99)": 408.34800794,
            "avg": 73.06592573052751,
            "min": 10.965893,
            "med": 61.229296,
            "max": 837.165584,
            "p(90)": 65.2748534,
            "thresholds": {
                "p(95)<5000": false,
                "p(99)<10000": false
            }
        },
        "http_reqs": {
            "count": 51315,
            "rate": 569.678237996145
        },
        "iteration_duration": {
            "avg": 73.2144231232996,
            "min": 58.964259,
            "med": 61.375472,
            "max": 837.415814,
            "p(90)": 65.4580144,
            "p(95)": 100.48246749999993,
            "p(99)": 408.67910972000004
        },
        "iterations": {
            "count": 51314,
            "rate": 569.6671364032775
        },
        "http_req_sending": {
            "max": 0.561734,
            "p(90)": 0.021443,
            "p(95)": 0.02448059999999999,
            "p(99)": 0.03827006000000004,
            "avg": 0.011603815297671304,
            "min": 0.002416,
            "med": 0.007103
        },
        "vus": {
            "value": 1,
            "min": 1,
            "max": 50
        },
        "server_fanout_us": {
            "max": 652841,
            "p(90)": 54335.700000000004,
            "p(95)": 78544.29999999997,
            "p(99)": 355700.66000000056,
            "avg": 60981.995069571654,
            "min": 50213,
            "med": 51299
        },
        "http_req_connecting": {
            "avg": 0.01006754779304297,
            "min": 0,
            "med": 0,
            "max": 11.83188,
            "p(90)": 0,
            "p(95)": 0,
            "p(99)": 0
        },
        "vus_max": {
            "min": 50,
            "max": 50,
            "value": 50
        },
        "data_sent": {
            "count": 5541994,
            "rate": 61524.9610621691
        },
        "http_req_blocked": {
            "p(90)": 0.006565599999999999,
            "p(95)": 0.0074232999999999955,
            "p(99)": 0.010555720000000001,
            "avg": 0.013772061015297866,
            "min": 0.000748,
            "med": 0.002253,
            "max": 11.925227
        }
    },
    "root_group": {
        "path": "",
        "id": "d41d8cd98f00b204e9800998ecf8427e",
        "groups": {},
        "checks": {
                "status 200": {
                    "name": "status 200",
                    "path": "::status 200",
                    "id": "fad9fa412b86fcb03bee97c80dcd61f1",
                    "passes": 51314,
                    "fails": 0
                }
            },
        "name": ""
    }
}