{
    "root_group": {
        "checks": {
            "status 200": {
                "id": "fad9fa412b86fcb03bee97c80dcd61f1",
                "passes": 11323,
                "fails": 3,
                "name": "status 200",
                "path": "::status 200"
            }
        },
        "name": "",
        "path": "",
        "id": "d41d8cd98f00b204e9800998ecf8427e",
        "groups": {}
    },
    "metrics": {
        "http_req_tls_handshaking": {
            "avg": 0,
            "min": 0,
            "med": 0,
            "max": 0,
            "p(90)": 0,
            "p(95)": 0,
            "p(99)": 0
        },
        "http_req_sending": {
            "avg": 0.016239848327006236,
            "min": 0.002442,
            "med": 0.016329,
            "max": 0.339973,
            "p(90)": 0.0264592,
            "p(95)": 0.030330399999999997,
            "p(99)": 0.053917819999999894
        },
        "iteration_duration": {
            "max": 60001.307819,
            "p(90)": 169.60830349999998,
            "p(95)": 1416.7423469999999,
            "p(99)": 4234.3096887500005,
            "avg": 332.3673627674386,
            "min": 62.455936,
            "med": 104.6939845
        },
        "http_req_blocked": {
            "p(99)": 0.02145211999999999,
            "avg": 0.05359406179924074,
            "min": 0.000816,
            "med": 0.005114,
            "max": 15.558165,
            "p(90)": 0.007856,
            "p(95)": 0.008877499999999995
        },
        "checks": {
            "passes": 11323,
            "fails": 3,
            "value": 0.99973512272647
        },
        "http_req_waiting": {
            "med": 104.405944,
            "max": 60001.139933,
            "p(90)": 169.37348379999997,
            "p(95)": 1416.4174976999968,
            "p(99)": 4233.8183103799975,
            "avg": 332.01599290059187,
            "min": 12.693625
        },
        "http_reqs": {
            "count": 11327,
            "rate": 125.73752202040725
        },
        "http_req_failed": {
            "passes": 3,
            "fails": 11324,
            "thresholds": {
                "rate<0.05": false
            },
            "value": 0.0002648538889379359
        },
        "data_received": {
            "count": 2451647,
            "rate": 27214.974719587306
        },
        "http_req_duration{expected_response:true}": {
            "med": 104.4784435,
            "max": 36148.260365,
            "p(90)": 169.25763880000002,
            "p(95)": 1413.1713511000012,
            "p(99)": 4183.2631595,
            "avg": 316.3019531170085,
            "min": 12.864037
        },
        "http_req_receiving": {
            "max": 50.675114,
            "p(90)": 0.104867,
            "p(95)": 0.1144306,
            "p(99)": 0.13660603999999998,
            "avg": 0.0773877468879667,
            "min": 0,
            "med": 0.061168
        },
        "data_sent": {
            "count": 1223290,
            "rate": 13579.363760249316
        },
        "vus_max": {
            "value": 50,
            "min": 50,
            "max": 50
        },
        "http_req_duration": {
            "avg": 332.10962049580684,
            "min": 12.864037,
            "med": 104.503728,
            "max": 60001.148549,
            "p(90)": 169.4473196,
            "p(95)": 1416.464527099997,
            "p(99)": 4233.942970399998,
            "thresholds": {
                "p(95)<5000": false,
                "p(99)<10000": false
            }
        },
        "server_fanout_us": {
            "p(95)": 1127893.9999999993,
            "p(99)": 4165334.7800000096,
            "avg": 298564.71880243754,
            "min": 52426,
            "med": 92340,
            "max": 36136945,
            "p(90)": 153911
        },
        "http_req_connecting": {
            "p(90)": 0,
            "p(95)": 0,
            "p(99)": 0,
            "avg": 0.04837857128983845,
            "min": 0,
            "med": 0,
            "max": 15.502694
        },
        "iterations": {
            "count": 11326,
            "rate": 125.72642132984309
        },
        "vus": {
            "value": 1,
            "min": 1,
            "max": 50
        }
    }
}