{
    "metrics": {
        "http_req_failed": {
            "passes": 0,
            "fails": 5548,
            "thresholds": {
                "rate<0.05": false
            },
            "value": 0
        },
        "checks": {
            "passes": 5547,
            "fails": 0,
            "value": 1
        },
        "vus": {
            "value": 1,
            "min": 1,
            "max": 50
        },
        "vus_max": {
            "value": 50,
            "min": 50,
            "max": 50
        },
        "http_req_tls_handshaking": {
            "med": 0,
            "max": 0,
            "p(90)": 0,
            "p(95)": 0,
            "p(99)": 0,
            "avg": 0,
            "min": 0
        },
        "http_reqs": {
            "count": 5548,
            "rate": 61.62250230916133
        },
        "http_req_blocked": {
            "p(90)": 0.008728500000000002,
            "p(95)": 0.009585599999999998,
            "p(99)": 0.06445745999999758,
            "avg": 1.0405313015501092,
            "min": 0.000962,
            "med": 0.0065450000000000005,
            "max": 3103.767607
        },
        "http_req_receiving": {
            "p(95)": 0.12355034999999998,
            "p(99)": 0.14597736999999994,
            "avg": 0.0851549250180243,
            "min": 0.012076,
            "med": 0.0889185,
            "max": 0.509835,
            "p(90)": 0.1141959
        },
        "iteration_duration": {
            "med": 389.15016,
            "max": 27450.268412,
            "p(90)": 635.0444594,
            "p(95)": 2787.0529303,
            "p(99)": 5298.11916482,
            "avg": 678.3783751743285,
            "min": 274.926764
        },
        "http_req_duration{expected_response:true}": {
            "max": 27449.926233,
            "p(90)": 634.3859119000001,
            "p(95)": 2785.8777659,
            "p(99)": 5296.203098429999,
            "avg": 676.9744107391876,
            "min": 11.735743,
            "med": 388.67943549999995
        },
        "http_req_waiting": {
            "med": 388.575054,
            "max": 27449.804726,
            "p(90)": 634.2659348000001,
            "p(95)": 2785.7582782,
            "p(99)": 5296.099718469999,
            "avg": 676.8663816584354,
            "min": 11.566648
        },
        "server_fanout_us": {
            "med": 358929,
            "max": 27437148,
            "p(90)": 585655.2000000007,
            "p(95)": 2771272.8,
            "p(99)": 5276138.82,
            "avg": 649825.9213989543,
            "min": 262834
        },
        "iterations": {
            "count": 5547,
            "rate": 61.61139515301331
        },
        "http_req_duration": {
            "max": 27449.926233,
            "p(90)": 634.3859119000001,
            "p(95)": 2785.8777659,
            "p(99)": 5296.203098429999,
            "avg": 676.9744107391876,
            "min": 11.735743,
            "med": 388.67943549999995,
            "thresholds": {
                "p(95)<5000": false,
                "p(99)<10000": false
            }
        },
        "data_sent": {
            "count": 599158,
            "rate": 6654.941463329575
        },
        "http_req_sending": {
            "avg": 0.022874155731795284,
            "min": 0.003134,
            "med": 0.0216195,
            "max": 0.812217,
            "p(90)": 0.029500200000000004,
            "p(95)": 0.03371069999999998,
            "p(99)": 0.08008648999999869
        },
        "data_received": {
            "count": 1115535,
            "rate": 12390.421433570706
        },
        "http_req_connecting": {
            "avg": 1.0329963314708004,
            "min": 0,
            "med": 0,
            "max": 3103.669164,
            "p(90)": 0,
            "p(95)": 0,
            "p(99)": 0
        }
    },
    "root_group": {
        "name": "",
        "path": "",
        "id": "d41d8cd98f00b204e9800998ecf8427e",
        "groups": {},
        "checks": {
                "status 200": {
                    "name": "status 200",
                    "path": "::status 200",
                    "id": "fad9fa412b86fcb03bee97c80dcd61f1",
                    "passes": 5547,
                    "fails": 0
                }
            }
    }
}