{
    "root_group": {
        "name": "",
        "path": "",
        "id": "d41d8cd98f00b204e9800998ecf8427e",
        "groups": {},
        "checks": {
                "status 200": {
                    "passes": 8960,
                    "fails": 0,
                    "name": "status 200",
                    "path": "::status 200",
                    "id": "fad9fa412b86fcb03bee97c80dcd61f1"
                }
            }
    },
    "metrics": {
        "data_sent": {
            "count": 967762,
            "rate": 10749.924385205804
        },
        "http_req_failed": {
            "passes": 0,
            "fails": 8961,
            "thresholds": {
                "rate<0.05": false
            },
            "value": 0
        },
        "http_req_receiving": {
            "min": 0.00859,
            "med": 0.048622,
            "max": 2.233886,
            "p(90)": 0.100769,
            "p(95)": 0.112154,
            "p(99)": 0.2846511999999999,
            "avg": 0.061002371833500685
        },
        "http_req_tls_handshaking": {
            "avg": 0,
            "min": 0,
            "med": 0,
            "max": 0,
            "p(90)": 0,
            "p(95)": 0,
            "p(99)": 0
        },
        "http_req_connecting": {
            "med": 0,
            "max": 13.394216,
            "p(90)": 0,
            "p(95)": 0,
            "p(99)": 0,
            "avg": 0.061905553398058255,
            "min": 0
        },
        "iteration_duration": {
            "med": 82.242099,
            "max": 2497.430865,
            "p(90)": 1267.5329544,
            "p(95)": 1331.68524925,
            "p(99)": 1460.70981263,
            "avg": 420.5015269021212,
            "min": 61.378758
        },
        "http_req_duration": {
            "max": 2497.241019,
            "p(90)": 1267.367727,
            "p(95)": 1331.38206,
            "p(99)": 1460.5783044,
            "avg": 420.1757605573037,
            "min": 11.1714,
            "med": 82.092708,
            "thresholds": {
                "p(95)<5000": false,
                "p(99)<10000": false
            }
        },
        "checks": {
            "fails": 0,
            "passes": 8960,
            "value": 1
        },
        "iterations": {
            "count": 8960,
            "rate": 99.52790302930266
        },
        "data_received": {
            "count": 1814286,
            "rate": 20153.134048596137
        },
        "vus_max": {
            "value": 50,
            "min": 50,
            "max": 50
        },
        "http_req_sending": {
            "min": 0.002688,
            "med": 0.014635,
            "max": 3.811379,
            "p(90)": 0.027037,
            "p(95)": 0.031149,
            "p(99)": 0.14186359999999967,
            "avg": 0.02003689800245514
        },
        "http_req_blocked": {
            "p(95)": 0.009223,
            "p(99)": 0.02956079999999995,
            "avg": 0.06768236904363302,
            "min": 0.000834,
            "med": 0.004911,
            "max": 13.493958,
            "p(90)": 0.008426
        },
        "http_req_waiting": {
            "med": 82.071885,
            "max": 2497.190298,
            "p(90)": 1267.289141,
            "p(95)": 1331.265774,
            "p(99)": 1460.5444301999999,
            "avg": 420.09472128746734,
            "min": 10.994437
        },
        "vus": {
            "value": 1,
            "min": 1,
            "max": 50
        },
        "server_fanout_us": {
            "min": 51875,
            "med": 69819,
            "max": 1338086,
            "p(90)": 1006507.4,
            "p(95)": 1078349.75,
            "p(99)": 1214514.61,
            "avg": 319919.9814732143
        },
        "http_req_duration{expected_response:true}": {
            "p(90)": 1267.367727,
            "p(95)": 1331.38206,
            "p(99)": 1460.5783044,
            "avg": 420.1757605573037,
            "min": 11.1714,
            "med": 82.092708,
            "max": 2497.241019
        },
        "http_reqs": {
            "count": 8961,
            "rate": 99.53901105419432
        }
    }
}