{
    "root_group": {
        "path": "",
        "id": "d41d8cd98f00b204e9800998ecf8427e",
        "groups": {},
        "checks": {
                "status 200": {
                    "passes": 47296,
                    "fails": 0,
                    "name": "status 200",
                    "path": "::status 200",
                    "id": "fad9fa412b86fcb03bee97c80dcd61f1"
                }
            },
        "name": ""
    },
    "metrics": {
        "http_req_connecting": {
            "p(99)": 0,
            "avg": 0.011186832209231033,
            "min": 0,
            "med": 0,
            "max": 12.154309,
            "p(90)": 0,
            "p(95)": 0
        },
        "iterations": {
            "count": 47296,
            "rate": 525.2057149354974
        },
        "http_req_failed": {
            "passes": 0,
            "fails": 47297,
            "thresholds": {
                "rate<0.05": false
            },
            "value": 0
        },
        "http_req_blocked": {
            "p(90)": 0.006188,
            "p(95)": 0.007042,
            "p(99)": 0.009517040000000001,
            "avg": 0.014385103050933375,
            "min": 0.000758,
            "med": 0.001921,
            "max": 12.202244
        },
        "http_req_duration": {
            "med": 61.150588,
            "max": 1573.474696,
            "p(90)": 64.749675,
            "p(95)": 70.55928959999997,
            "p(99)": 918.7749666400001,
            "avg": 79.38496251914485,
            "min": 11.031337,
            "thresholds": {
                "p(99)<10000": false,
                "p(95)<5000": false
            }
        },
        "iteration_duration": {
            "min": 59.02615,
            "med": 61.271837500000004,
            "max": 1573.739459,
            "p(90)": 64.9154895,
            "p(95)": 71.0775425,
            "p(99)": 918.9546876000005,
            "avg": 79.51564621932067
        },
        "vus_max": {
            "value": 50,
            "min": 50,
            "max": 50
        },
        "checks": {
            "passes": 47296,
            "fails": 0,
            "value": 1
        },
        "http_req_sending": {
            "p(99)": 0.03428752000000001,
            "avg": 0.009949134300272722,
            "min": 0.002339,
            "med": 0.006054,
            "max": 0.520584,
            "p(90)": 0.020112,
            "p(95)": 0.023561399999999993
        },
        "data_sent": {
            "count": 5108050,
            "rate": 56723.1277946606
        },
        "data_received": {
            "rate": 104532.31663679377,
            "count": 9413379
        },
        "http_req_tls_handshaking": {
            "med": 0,
            "max": 0,
            "p(90)": 0,
            "p(95)": 0,
            "p(99)": 0,
            "avg": 0,
            "min": 0
        },
        "server_fanout_us": {
            "p(99)": 708401.6000000017,
            "avg": 66424.98319096753,
            "min": 50222,
            "med": 51237,
            "max": 1382983,
            "p(90)": 53793,
            "p(95)": 57519.25
        },
        "http_req_waiting": {
            "max": 1573.377609,
            "p(90)": 64.697269,
            "p(95)": 70.5101084,
            "p(99)": 918.7266501200002,
            "avg": 79.34015807374618,
            "min": 10.789813,
            "med": 61.10449
        },
        "vus": {
            "value": 1,
            "min": 1,
            "max": 50
        },
        "http_reqs": {
            "rate": 525.2168195894837,
            "count": 47297
        },
        "http_req_receiving": {
            "min": 0.006893,
            "med": 0.023834,
            "max": 1.900733,
            "p(90)": 0.06715660000000001,
            "p(95)": 0.08304639999999999,
            "p(99)": 0.10819208,
            "avg": 0.03485531109795542
        },
        "http_req_duration{expected_response:true}": {
            "med": 61.150588,
            "max": 1573.474696,
            "p(90)": 64.749675,
            "p(95)": 70.55928959999997,
            "p(99)": 918.7749666400001,
            "avg": 79.38496251914485,
            "min": 11.031337
        }
    }
}