{
    "metrics": {
        "http_req_duration": {
            "max": 1679.08037,
            "p(90)": 1201.8845624,
            "p(95)": 1273.2533293999998,
            "p(99)": 1400.1421964400001,
            "avg": 893.1081553789398,
            "min": 10.418986,
            "med": 952.697244,
            "thresholds": {
                "p(99)<10000": false,
                "p(95)<5000": false
            }
        },
        "vus": {
            "min": 1,
            "max": 50,
            "value": 1
        },
        "iterations": {
            "count": 4216,
            "rate": 46.688271490509855
        },
        "http_req_duration{expected_response:true}": {
            "p(99)": 1400.1421964400001,
            "avg": 893.1081553789398,
            "min": 10.418986,
            "med": 952.697244,
            "max": 1679.08037,
            "p(90)": 1201.8845624,
            "p(95)": 1273.2533293999998
        },
        "http_req_sending": {
            "p(99)": 0.12314988000000007,
            "avg": 0.023694947593075652,
            "min": 0.003043,
            "med": 0.02189,
            "max": 0.55514,
            "p(90)": 0.030484400000000002,
            "p(95)": 0.03757679999999999
        },
        "http_req_tls_handshaking": {
            "min": 0,
            "med": 0,
            "max": 0,
            "p(90)": 0,
            "p(95)": 0,
            "p(99)": 0,
            "avg": 0
        },
        "iteration_duration": {
            "med": 953.1096275,
            "max": 1679.419561,
            "p(90)": 1202.1584269999998,
            "p(95)": 1273.63652875,
            "p(99)": 1400.4380982500004,
            "avg": 893.7150705334451,
            "min": 276.561967
        },
        "server_fanout_us": {
            "p(90)": 1041569.5,
            "p(95)": 1106378.75,
            "p(99)": 1203264.0500000005,
            "avg": 767346.8683586338,
            "min": 263393,
            "med": 819961,
            "max": 1401271
        },
        "http_req_failed": {
            "passes": 0,
            "fails": 4217,
            "thresholds": {
                "rate<0.05": false
            },
            "value": 0
        },
        "data_sent": {
            "count": 455410,
            "rate": 5043.241394566673
        },
        "checks": {
            "passes": 4216,
            "fails": 0,
            "value": 1
        },
        "http_req_connecting": {
            "avg": 0.1309711889969172,
            "min": 0,
            "med": 0,
            "max": 14.535635,
            "p(90)": 0,
            "p(95)": 0,
            "p(99)": 9.946043640000006
        },
        "data_received": {
            "count": 848164,
            "rate": 9392.625972598862
        },
        "http_req_blocked": {
            "avg": 0.13902450984111908,
            "min": 0.001124,
            "med": 0.006511,
            "max": 14.702117,
            "p(90)": 0.0091286,
            "p(95)": 0.010249799999999996,
            "p(99)": 10.052898200000005
        },
        "http_reqs": {
            "count": 4217,
            "rate": 46.6993455587002
        },
        "http_req_receiving": {
            "max": 2.523481,
            "p(90)": 0.1137974,
            "p(95)": 0.12460979999999998,
            "p(99)": 0.1891170800000012,
            "avg": 0.08468559805548957,
            "min": 0.009273,
            "med": 0.084882
        },
        "vus_max": {
            "min": 50,
            "max": 50,
            "value": 50
        },
        "http_req_waiting": {
            "p(99)": 1400.0462222000003,
            "avg": 892.9997748332942,
            "min": 10.299692,
            "med": 952.571847,
            "max": 1678.957371,
            "p(90)": 1201.6322301999999,
            "p(95)": 1273.1375481999999
        }
    },
    "root_group": {
        "groups": {},
        "checks": {
                "status 200": {
                    "name": "status 200",
                    "path": "::status 200",
                    "id": "fad9fa412b86fcb03bee97c80dcd61f1",
                    "passes": 4216,
                    "fails": 0
                }
            },
        "name": "",
        "path": "",
        "id": "d41d8cd98f00b204e9800998ecf8427e"
    }
}