{
    "metrics": {
        "checks": {
            "passes": 11145,
            "fails": 0,
            "value": 1
        },
        "http_reqs": {
            "count": 11146,
            "rate": 123.80446876970049
        },
        "http_req_connecting": {
            "avg": 0.14188056280279926,
            "min": 0,
            "med": 0,
            "max": 1061.722322,
            "p(90)": 0,
            "p(95)": 0,
            "p(99)": 0
        },
        "vus_max": {
            "value": 50,
            "min": 50,
            "max": 50
        },
        "data_sent": {
            "count": 1203742,
            "rate": 13370.593831489037
        },
        "data_received": {
            "count": 2415116,
            "rate": 26825.960290436386
        },
        "http_req_blocked": {
            "med": 0.0056035,
            "max": 1061.790604,
            "p(90)": 0.0081625,
            "p(95)": 0.009129499999999999,
            "p(99)": 0.02291859999999967,
            "avg": 0.1477564782881742,
            "min": 0.000788
        },
        "vus": {
            "max": 50,
            "value": 1,
            "min": 1
        },
        "iteration_duration": {
            "avg": 337.5067015670704,
            "min": 62.218592,
            "med": 199.097257,
            "max": 2653.397002,
            "p(90)": 715.6043894000001,
            "p(95)": 957.7949161999987,
            "p(99)": 1413.596443999999
        },
        "http_req_duration": {
            "p(99)": 1413.3203294999987,
            "avg": 337.13211977121796,
            "min": 13.116312,
            "med": 198.8702575,
            "max": 2653.280724,
            "p(90)": 715.2100855,
            "p(95)": 955.99629925,
            "thresholds": {
                "p(99)<10000": false,
                "p(95)<5000": false
            }
        },
        "http_req_sending": {
            "avg": 0.01808906531491114,
            "min": 0.002672,
            "med": 0.018945,
            "max": 0.356694,
            "p(90)": 0.0273015,
            "p(95)": 0.03073275,
            "p(99)": 0.052397049999999785
        },
        "iterations": {
            "count": 11145,
            "rate": 123.79336124513834
        },
        "http_req_receiving": {
            "avg": 0.0683137492373948,
            "min": 0.008126,
            "med": 0.068615,
            "max": 0.700116,
            "p(90)": 0.1098945,
            "p(95)": 0.11881125000000001,
            "p(99)": 0.14102309999999993
        },
        "http_req_failed": {
            "fails": 11146,
            "passes": 0,
            "thresholds": {
                "rate<0.05": false
            },
            "value": 0
        },
        "http_req_duration{expected_response:true}": {
            "min": 13.116312,
            "med": 198.8702575,
            "max": 2653.280724,
            "p(90)": 715.2100855,
            "p(95)": 955.99629925,
            "p(99)": 1413.3203294999987,
            "avg": 337.13211977121796
        },
        "http_req_tls_handshaking": {
            "p(95)": 0,
            "p(99)": 0,
            "avg": 0,
            "min": 0,
            "med": 0,
            "max": 0,
            "p(90)": 0
        },
        "server_fanout_us": {
            "avg": 241051.18672050248,
            "min": 28020,
            "med": 157668,
            "max": 2640224,
            "p(90)": 496638.80000000005,
            "p(95)": 598206.2,
            "p(99)": 905109.9999999998
        },
        "http_req_waiting": {
            "avg": 337.0457169566654,
            "min": 12.96171,
            "med": 198.83906050000002,
            "max": 2653.230922,
            "p(90)": 715.1259239999999,
            "p(95)": 955.8833852500001,
            "p(99)": 1413.2125378499986
        }
    },
    "root_group": {
        "checks": {
            "status 200": {
                "passes": 11145,
                "fails": 0,
                "name": "status 200",
                "path": "::status 200",
                "id": "fad9fa412b86fcb03bee97c80dcd61f1"
            }
        },
        "name": "",
        "path": "",
        "id": "d41d8cd98f00b204e9800998ecf8427e",
        "groups": {}
    }
}