{
    "metrics": {
        "http_reqs": {
            "count": 782,
            "rate": 17.34104172539128
        },
        "http_req_waiting": {
            "p(95)": 1509.6621873,
            "p(99)": 1792.823604499998,
            "avg": 677.0554594552428,
            "min": 9.54465,
            "med": 561.8661325,
            "max": 2571.489567,
            "p(90)": 1294.6067892999997
        },
        "server_jsontx_us": {
            "p(99)": 21617.800000000007,
            "avg": 13652.238156209987,
            "min": 11822,
            "med": 13068,
            "max": 31017,
            "p(90)": 15356,
            "p(95)": 16783
        },
        "vus_max": {
            "value": 20,
            "min": 20,
            "max": 20
        },
        "http_req_duration": {
            "avg": 969.0061128733997,
            "min": 9.786486,
            "med": 970.1287225,
            "max": 2572.217563,
            "p(90)": 1552.1356609,
            "p(95)": 1697.7775218499996,
            "p(99)": 2002.9601016199997,
            "thresholds": {
                "p(95)<10000": false,
                "p(99)<20000": false
            }
        },
        "http_req_tls_handshaking": {
            "avg": 0,
            "min": 0,
            "med": 0,
            "max": 0,
            "p(90)": 0,
            "p(95)": 0,
            "p(99)": 0
        },
        "http_req_connecting": {
            "p(90)": 0,
            "p(95)": 0,
            "p(99)": 47.01329462999999,
            "avg": 1.1117882902813299,
            "min": 0,
            "med": 0,
            "max": 56.035655
        },
        "checks": {
            "fails": 0,
            "passes": 781,
            "value": 1
        },
        "iterations": {
            "count": 781,
            "rate": 17.31886648021814
        },
        "http_req_duration{expected_response:true}": {
            "p(90)": 1552.1356609,
            "p(95)": 1697.7775218499996,
            "p(99)": 2002.9601016199997,
            "avg": 969.0061128733997,
            "min": 9.786486,
            "med": 970.1287225,
            "max": 2572.217563
        },
        "http_req_blocked": {
            "p(99)": 47.12356850999999,
            "avg": 1.1219158005115086,
            "min": 0.002107,
            "med": 0.007208,
            "max": 56.132102,
            "p(90)": 0.0107342,
            "p(95)": 0.014952799999999978
        },
        "data_received": {
            "count": 235937,
            "rate": 5231.960820413864
        },
        "iteration_duration": {
            "p(99)": 2003.5881664000003,
            "avg": 972.0723254788732,
            "min": 91.538341,
            "med": 970.93979,
            "max": 2572.899175,
            "p(90)": 1553.810738,
            "p(95)": 1698.439925
        },
        "http_req_sending": {
            "min": 0.086268,
            "med": 179.845257,
            "max": 1460.637622,
            "p(90)": 784.7120933,
            "p(95)": 966.2964004999999,
            "p(99)": 1282.2884729299979,
            "avg": 291.86885433759585
        },
        "http_req_receiving": {
            "med": 0.083014,
            "max": 0.186313,
            "p(90)": 0.1091202,
            "p(95)": 0.12170614999999996,
            "p(99)": 0.14384136,
            "avg": 0.08179908056265993,
            "min": 0.021327
        },
        "data_sent": {
            "count": 839023696,
            "rate": 18605556.164869573
        },
        "vus": {
            "value": 3,
            "min": 1,
            "max": 20
        },
        "http_req_failed": {
            "passes": 0,
            "fails": 782,
            "thresholds": {
                "rate<0.05": false
            },
            "value": 0
        }
    },
    "root_group": {
        "name": "",
        "path": "",
        "id": "d41d8cd98f00b204e9800998ecf8427e",
        "groups": {},
        "checks": {
                "status 200": {
                    "name": "status 200",
                    "path": "::status 200",
                    "id": "fad9fa412b86fcb03bee97c80dcd61f1",
                    "passes": 781,
                    "fails": 0
                }
            }
    }
}