{
    "root_group": {
        "path": "",
        "id": "d41d8cd98f00b204e9800998ecf8427e",
        "groups": {},
        "checks": {
                "status 200": {
                    "name": "status 200",
                    "path": "::status 200",
                    "id": "fad9fa412b86fcb03bee97c80dcd61f1",
                    "passes": 7713,
                    "fails": 0
                }
            },
        "name": ""
    },
    "metrics": {
        "vus_max": {
            "value": 20,
            "min": 20,
            "max": 20
        },
        "iteration_duration": {
            "avg": 97.64529667833537,
            "min": 15.563013,
            "med": 94.222638,
            "max": 699.922543,
            "p(90)": 148.64288439999999,
            "p(95)": 180.76032939999993,
            "p(99)": 306.77132936000044
        },
        "http_req_connecting": {
            "avg": 0.08961143271973036,
            "min": 0,
            "med": 0,
            "max": 53.799367,
            "p(90)": 0,
            "p(95)": 0,
            "p(99)": 0
        },
        "http_req_receiving": {
            "avg": 0.06099690938553266,
            "min": 0.012306,
            "med": 0.054139,
            "max": 8.218818,
            "p(90)": 0.08961939999999999,
            "p(95)": 0.10335954999999998,
            "p(99)": 0.14527715999999993
        },
        "http_req_failed": {
            "passes": 0,
            "fails": 7714,
            "thresholds": {
                "rate<0.05": false
            },
            "value": 0
        },
        "iterations": {
            "count": 7713,
            "rate": 171.28593658016246
        },
        "http_req_sending": {
            "avg": 0.1966493776250975,
            "min": 0.040623,
            "med": 0.11361099999999999,
            "max": 50.882941,
            "p(90)": 0.20032989999999998,
            "p(95)": 0.22565179999999999,
            "p(99)": 0.42463966999999986
        },
        "server_jsontx_us": {
            "avg": 217.90172436146764,
            "min": 161,
            "med": 199,
            "max": 2336,
            "p(90)": 282,
            "p(95)": 314,
            "p(99)": 380.8800000000001
        },
        "http_req_tls_handshaking": {
            "p(90)": 0,
            "p(95)": 0,
            "p(99)": 0,
            "avg": 0,
            "min": 0,
            "med": 0,
            "max": 0
        },
        "data_received": {
            "count": 2275419,
            "rate": 50531.21671558364
        },
        "http_req_duration": {
            "max": 699.666464,
            "p(90)": 148.27956369999998,
            "p(95)": 180.1466913,
            "p(99)": 306.4555984599995,
            "avg": 97.29029990886723,
            "min": 10.046514,
            "med": 93.98827800000001,
            "thresholds": {
                "p(95)<10000": false,
                "p(99)<20000": false
            }
        },
        "vus": {
            "max": 20,
            "value": 1,
            "min": 1
        },
        "http_reqs": {
            "count": 7714,
            "rate": 171.30814401392107
        },
        "checks": {
            "passes": 7713,
            "fails": 0,
            "value": 1
        },
        "http_req_duration{expected_response:true}": {
            "max": 699.666464,
            "p(90)": 148.27956369999998,
            "p(95)": 180.1466913,
            "p(99)": 306.4555984599995,
            "avg": 97.29029990886723,
            "min": 10.046514,
            "med": 93.98827800000001
        },
        "http_req_blocked": {
            "p(99)": 0.016490109999999985,
            "avg": 0.09496847420274801,
            "min": 0.001138,
            "med": 0.0045685,
            "max": 53.889994,
            "p(90)": 0.0075321999999999984,
            "p(95)": 0.008896049999999999
        },
        "data_sent": {
            "count": 829695205,
            "rate": 18425401.304874223
        },
        "http_req_waiting": {
            "min": 9.905625,
            "med": 93.7807145,
            "max": 699.395932,
            "p(90)": 148.05019570000002,
            "p(95)": 180.00594095,
            "p(99)": 306.2442007099995,
            "avg": 97.03265362185678
        }
    }
}