{
    "root_group": {
        "name": "",
        "path": "",
        "id": "d41d8cd98f00b204e9800998ecf8427e",
        "groups": {},
        "checks": {
                "status 200": {
                    "name": "status 200",
                    "path": "::status 200",
                    "id": "fad9fa412b86fcb03bee97c80dcd61f1",
                    "passes": 784,
                    "fails": 0
                }
            }
    },
    "metrics": {
        "http_req_receiving": {
            "avg": 0.08373709681528657,
            "min": 0.020935,
            "med": 0.084195,
            "max": 0.230519,
            "p(90)": 0.1122992,
            "p(95)": 0.1207464,
            "p(99)": 0.14798035999999998
        },
        "iteration_duration": {
            "p(90)": 1552.9909761000004,
            "p(95)": 1770.7308103499997,
            "p(99)": 2129.7130268099995,
            "avg": 972.1996778137764,
            "min": 73.55382,
            "med": 972.3558115000001,
            "max": 2518.701869
        },
        "server_jsontx_us": {
            "max": 6426,
            "p(90)": 2789.5,
            "p(95)": 2939.85,
            "p(99)": 3706.2199999999975,
            "avg": 2378.905612244898,
            "min": 2032,
            "med": 2269
        },
        "http_req_duration": {
            "p(90)": 1551.6599926000001,
            "p(95)": 1770.027148,
            "p(99)": 2129.0531529999994,
            "avg": 969.1473237872613,
            "min": 9.880179,
            "med": 971.412388,
            "max": 2518.165314,
            "thresholds": {
                "p(95)<10000": false,
                "p(99)<20000": false
            }
        },
        "http_req_waiting": {
            "avg": 847.6585441796171,
            "min": 9.703228,
            "med": 842.748079,
            "max": 2517.47898,
            "p(90)": 1435.367109,
            "p(95)": 1683.0961355999998,
            "p(99)": 2101.31271828
        },
        "checks": {
            "passes": 784,
            "fails": 0,
            "value": 1
        },
        "http_req_failed": {
            "passes": 0,
            "fails": 785,
            "thresholds": {
                "rate<0.05": false
            },
            "value": 0
        },
        "http_reqs": {
            "count": 785,
            "rate": 17.398510954645783
        },
        "http_req_duration{expected_response:true}": {
            "p(99)": 2129.0531529999994,
            "avg": 969.1473237872613,
            "min": 9.880179,
            "med": 971.412388,
            "max": 2518.165314,
            "p(90)": 1551.6599926000001,
            "p(95)": 1770.027148
        },
        "data_received": {
            "count": 233707,
            "rate": 5179.813757550831
        },
        "http_req_connecting": {
            "med": 0,
            "max": 52.967101,
            "p(90)": 0,
            "p(95)": 0,
            "p(99)": 47.62593903999999,
            "avg": 1.0906554828025476,
            "min": 0
        },
        "http_req_tls_handshaking": {
            "med": 0,
            "max": 0,
            "p(90)": 0,
            "p(95)": 0,
            "p(99)": 0,
            "avg": 0,
            "min": 0
        },
        "data_sent": {
            "rate": 18667307.40617315,
            "count": 842246578
        },
        "iterations": {
            "count": 784,
            "rate": 17.376347246423304
        },
        "vus": {
            "value": 3,
            "min": 1,
            "max": 20
        },
        "http_req_sending": {
            "avg": 121.40504251082797,
            "min": 0.087616,
            "med": 0.596751,
            "max": 1959.09,
            "p(90)": 530.8489630000003,
            "p(95)": 756.5485055999999,
            "p(99)": 977.6418258399995
        },
        "http_req_blocked": {
            "avg": 1.1010410993630586,
            "min": 0.001958,
            "med": 0.007516,
            "max": 53.097752,
            "p(90)": 0.011019200000000002,
            "p(95)": 0.013980599999999998,
            "p(99)": 47.74126399999999
        },
        "vus_max": {
            "value": 20,
            "min": 20,
            "max": 20
        }
    }
}