{
    "root_group": {
        "groups": {},
        "checks": {
                "status 200": {
                    "name": "status 200",
                    "path": "::status 200",
                    "id": "fad9fa412b86fcb03bee97c80dcd61f1",
                    "passes": 60555,
                    "fails": 0
                }
            },
        "name": "",
        "path": "",
        "id": "d41d8cd98f00b204e9800998ecf8427e"
    },
    "metrics": {
        "vus_max": {
            "value": 20,
            "min": 20,
            "max": 20
        },
        "http_req_duration{expected_response:true}": {
            "med": 11.950358,
            "max": 988.342956,
            "p(90)": 13.6892385,
            "p(95)": 14.509151750000001,
            "p(99)": 17.322656099999996,
            "avg": 12.37965317456565,
            "min": 8.744655
        },
        "http_req_connecting": {
            "p(99)": 0,
            "avg": 0.0036614252097232317,
            "min": 0,
            "med": 0,
            "max": 12.406478,
            "p(90)": 0,
            "p(95)": 0
        },
        "iterations": {
            "count": 60555,
            "rate": 1327.1483906930268
        },
        "vus": {
            "value": 1,
            "min": 1,
            "max": 20
        },
        "checks": {
            "passes": 60555,
            "fails": 0,
            "value": 1
        },
        "http_req_receiving": {
            "p(90)": 0.029342,
            "p(95)": 0.035675,
            "p(99)": 0.08058769999999987,
            "avg": 0.021456597347909584,
            "min": 0.005956,
            "med": 0.018061,
            "max": 1.8841
        },
        "data_received": {
            "count": 17619536,
            "rate": 386157.0282744257
        },
        "http_req_blocked": {
            "avg": 0.005828114654204418,
            "min": 0.000856,
            "med": 0.001852,
            "max": 12.435123,
            "p(90)": 0.00287,
            "p(95)": 0.003506,
            "p(99)": 0.006665449999999997
        },
        "iteration_duration": {
            "p(99)": 17.53145918,
            "avg": 12.472975561126301,
            "min": 8.794157,
            "med": 12.036782,
            "max": 988.513631,
            "p(90)": 13.7836914,
            "p(95)": 14.6199424
        },
        "server_jsontx_us": {
            "p(90)": 27,
            "p(95)": 49,
            "p(99)": 89,
            "avg": 17.444802245892163,
            "min": 8,
            "med": 13,
            "max": 988
        },
        "http_req_failed": {
            "passes": 0,
            "fails": 60556,
            "thresholds": {
                "rate<0.05": false
            },
            "value": 0
        },
        "http_req_sending": {
            "med": 0.032161,
            "max": 2.973847,
            "p(90)": 0.0484465,
            "p(95)": 0.057937,
            "p(99)": 0.11719389999999975,
            "avg": 0.03623619657837349,
            "min": 0.014806
        },
        "http_req_waiting": {
            "med": 11.893874,
            "max": 988.281505,
            "p(90)": 13.6293325,
            "p(95)": 14.449905,
            "p(99)": 17.261055499999983,
            "avg": 12.321960380639311,
            "min": 8.703478
        },
        "http_req_duration": {
            "min": 8.744655,
            "med": 11.950358,
            "max": 988.342956,
            "p(90)": 13.6892385,
            "p(95)": 14.509151750000001,
            "p(99)": 17.322656099999996,
            "avg": 12.37965317456565,
            "thresholds": {
                "p(95)<10000": false,
                "p(99)<20000": false
            }
        },
        "http_req_tls_handshaking": {
            "p(99)": 0,
            "avg": 0,
            "min": 0,
            "med": 0,
            "max": 0,
            "p(90)": 0,
            "p(95)": 0
        },
        "http_reqs": {
            "count": 60556,
            "rate": 1327.1703071060513
        },
        "data_sent": {
            "count": 659989027,
            "rate": 14464592.107309166
        }
    }
}