{
    "root_group": {
        "groups": {},
        "checks": {
                "status 200": {
                    "path": "::status 200",
                    "id": "fad9fa412b86fcb03bee97c80dcd61f1",
                    "passes": 57272,
                    "fails": 0,
                    "name": "status 200"
                }
            },
        "name": "",
        "path": "",
        "id": "d41d8cd98f00b204e9800998ecf8427e"
    },
    "metrics": {
        "vus": {
            "value": 1,
            "min": 1,
            "max": 20
        },
        "checks": {
            "passes": 57272,
            "fails": 0,
            "value": 1
        },
        "data_sent": {
            "rate": 13862740.949392116,
            "count": 624207610
        },
        "http_req_failed": {
            "passes": 0,
            "fails": 57273,
            "thresholds": {
                "rate<0.05": false
            },
            "value": 0
        },
        "http_req_waiting": {
            "p(95)": 15.9016854,
            "p(99)": 31.01698643999992,
            "avg": 12.973732273270087,
            "min": 9.089287,
            "med": 12.22626,
            "max": 275.422574,
            "p(90)": 14.5567452
        },
        "http_req_sending": {
            "avg": 0.038624543641855906,
            "min": 0.015084,
            "med": 0.032319,
            "max": 6.053654,
            "p(90)": 0.0520728,
            "p(95)": 0.07348359999999995,
            "p(99)": 0.15296251999999966
        },
        "http_req_receiving": {
            "avg": 0.023045798089849877,
            "min": 0.006644,
            "med": 0.018509,
            "max": 3.147619,
            "p(90)": 0.030877,
            "p(95)": 0.042387,
            "p(99)": 0.09283275999999992
        },
        "vus_max": {
            "value": 20,
            "min": 20,
            "max": 20
        },
        "http_req_duration": {
            "med": 12.283025,
            "max": 275.522352,
            "p(90)": 14.625858200000001,
            "p(95)": 15.976502799999999,
            "p(99)": 31.071292879999927,
            "avg": 13.035402615001946,
            "min": 9.136401,
            "thresholds": {
                "p(95)<10000": false,
                "p(99)<20000": false
            }
        },
        "http_req_blocked": {
            "max": 40.337811,
            "p(90)": 0.002950800000000003,
            "p(95)": 0.004026399999999994,
            "p(99)": 0.007888559999999998,
            "avg": 0.007595162851605421,
            "min": 0.000873,
            "med": 0.001881
        },
        "data_received": {
            "count": 16839069,
            "rate": 373971.1718284552
        },
        "http_req_duration{expected_response:true}": {
            "p(99)": 31.071292879999927,
            "avg": 13.035402615001946,
            "min": 9.136401,
            "med": 12.283025,
            "max": 275.522352,
            "p(90)": 14.625858200000001,
            "p(95)": 15.976502799999999
        },
        "http_req_tls_handshaking": {
            "avg": 0,
            "min": 0,
            "med": 0,
            "max": 0,
            "p(90)": 0,
            "p(95)": 0,
            "p(99)": 0
        },
        "http_reqs": {
            "rate": 1271.949828350434,
            "count": 57273
        },
        "http_req_connecting": {
            "p(95)": 0,
            "p(99)": 0,
            "avg": 0.005277715695004626,
            "min": 0,
            "med": 0,
            "max": 39.90877,
            "p(90)": 0
        },
        "server_jsontx_us": {
            "p(90)": 60,
            "p(95)": 75,
            "p(99)": 134,
            "avg": 42.94828188294454,
            "min": 25,
            "med": 38,
            "max": 3024
        },
        "iteration_duration": {
            "min": 9.210044,
            "med": 12.373559,
            "max": 275.628942,
            "p(90)": 14.7367433,
            "p(95)": 16.09641495,
            "p(99)": 31.38701571000009,
            "avg": 13.135259683422797
        },
        "iterations": {
            "count": 57272,
            "rate": 1271.9276198083924
        }
    }
}