{
    "metrics": {
        "http_req_duration{expected_response:true}": {
            "min": 8.560266,
            "med": 9.904428,
            "max": 221.292857,
            "p(90)": 10.9008342,
            "p(95)": 11.2637388,
            "p(99)": 12.046754759999999,
            "avg": 10.021545712959414
        },
        "server_jsontx_us": {
            "avg": 3.8530715898097387,
            "min": 1,
            "med": 3,
            "max": 842,
            "p(90)": 5,
            "p(95)": 6,
            "p(99)": 14
        },
        "http_reqs": {
            "count": 74425,
            "rate": 1652.9690230514134
        },
        "http_req_tls_handshaking": {
            "avg": 0,
            "min": 0,
            "med": 0,
            "max": 0,
            "p(90)": 0,
            "p(95)": 0,
            "p(99)": 0
        },
        "http_req_duration": {
            "min": 8.560266,
            "med": 9.904428,
            "max": 221.292857,
            "p(90)": 10.9008342,
            "p(95)": 11.2637388,
            "p(99)": 12.046754759999999,
            "avg": 10.021545712959414,
            "thresholds": {
                "p(95)<10000": false,
                "p(99)<20000": false
            }
        },
        "data_received": {
            "count": 21659011,
            "rate": 481043.6580843778
        },
        "vus_max": {
            "value": 20,
            "min": 20,
            "max": 20
        },
        "vus": {
            "value": 1,
            "min": 1,
            "max": 20
        },
        "data_sent": {
            "rate": 2031473.4546177997,
            "count": 91467178
        },
        "iteration_duration": {
            "med": 9.985818,
            "max": 221.383653,
            "p(90)": 10.9934326,
            "p(95)": 11.359237749999998,
            "p(99)": 12.165995440000016,
            "avg": 10.106644259002595,
            "min": 8.613283
        },
        "http_req_sending": {
            "avg": 0.007857766234464353,
            "min": 0.002852,
            "med": 0.006266,
            "max": 8.039554,
            "p(90)": 0.010463600000000005,
            "p(95)": 0.014414800000000031,
            "p(99)": 0.03135067999999978
        },
        "http_req_failed": {
            "passes": 0,
            "fails": 74425,
            "thresholds": {
                "rate<0.05": false
            },
            "value": 0
        },
        "http_req_blocked": {
            "p(95)": 0.003355,
            "p(99)": 0.0070940399999999786,
            "avg": 0.004870389882431893,
            "min": 0.000753,
            "med": 0.001671,
            "max": 11.686109,
            "p(90)": 0.0027076000000000057
        },
        "checks": {
            "passes": 74424,
            "fails": 0,
            "value": 1
        },
        "http_req_waiting": {
            "max": 221.253738,
            "p(90)": 10.8701364,
            "p(95)": 11.232373,
            "p(99)": 12.007649319999997,
            "avg": 9.993503136365428,
            "min": 8.538872,
            "med": 9.876215
        },
        "http_req_receiving": {
            "min": 0.005651,
            "med": 0.01668,
            "max": 1.369406,
            "p(90)": 0.027741600000000005,
            "p(95)": 0.0349618,
            "p(99)": 0.08849583999999956,
            "avg": 0.020184810359422142
        },
        "http_req_connecting": {
            "p(95)": 0,
            "p(99)": 0,
            "avg": 0.0028806482230433316,
            "min": 0,
            "med": 0,
            "max": 11.652386,
            "p(90)": 0
        },
        "iterations": {
            "count": 74424,
            "rate": 1652.9468131888264
        }
    },
    "root_group": {
        "checks": {
            "status 200": {
                "path": "::status 200",
                "id": "fad9fa412b86fcb03bee97c80dcd61f1",
                "passes": 74424,
                "fails": 0,
                "name": "status 200"
            }
        },
        "name": "",
        "path": "",
        "id": "d41d8cd98f00b204e9800998ecf8427e",
        "groups": {}
    }
}