{
    "metrics": {
        "iterations": {
            "count": 7693,
            "rate": 170.82763190976792
        },
        "http_req_receiving": {
            "min": 0.011598,
            "med": 0.053088,
            "max": 0.492542,
            "p(90)": 0.083466,
            "p(95)": 0.0944766,
            "p(99)": 0.11737033999999992,
            "avg": 0.05310156420587454
        },
        "vus": {
            "value": 1,
            "min": 1,
            "max": 20
        },
        "http_req_tls_handshaking": {
            "avg": 0,
            "min": 0,
            "med": 0,
            "max": 0,
            "p(90)": 0,
            "p(95)": 0,
            "p(99)": 0
        },
        "http_req_connecting": {
            "p(90)": 0,
            "p(95)": 0,
            "p(99)": 0,
            "avg": 0.09244742357681311,
            "min": 0,
            "med": 0,
            "max": 53.006173
        },
        "http_req_waiting": {
            "p(90)": 150.8846179,
            "p(95)": 188.15965074999994,
            "p(99)": 314.6499138999992,
            "avg": 97.33910828112835,
            "min": 11.121152,
            "med": 94.52431050000001,
            "max": 579.912856
        },
        "http_req_sending": {
            "max": 48.811566,
            "p(90)": 0.19759359999999998,
            "p(95)": 0.22090239999999986,
            "p(99)": 0.30975664999999974,
            "avg": 0.17889746581752017,
            "min": 0.038343,
            "med": 0.1400305
        },
        "checks": {
            "fails": 0,
            "passes": 7693,
            "value": 1
        },
        "http_req_duration": {
            "p(95)": 188.28852169999993,
            "p(99)": 314.7589690699992,
            "avg": 97.57110731115158,
            "min": 11.305188,
            "med": 94.709494,
            "max": 580.127005,
            "p(90)": 151.0800007,
            "thresholds": {
                "p(95)<10000": false,
                "p(99)<20000": false
            }
        },
        "http_req_blocked": {
            "p(90)": 0.006819099999999999,
            "p(95)": 0.008101049999999999,
            "p(99)": 0.01934758999999999,
            "avg": 0.09746913361060558,
            "min": 0.001086,
            "med": 0.004805,
            "max": 53.081703
        },
        "vus_max": {
            "max": 20,
            "value": 20,
            "min": 20
        },
        "http_req_failed": {
            "passes": 0,
            "fails": 7694,
            "thresholds": {
                "rate<0.05": false
            },
            "value": 0
        },
        "http_reqs": {
            "count": 7694,
            "rate": 170.84983750341277
        },
        "data_received": {
            "count": 2299268,
            "rate": 51056.610888588104
        },
        "server_jsontx_us": {
            "min": 931,
            "med": 1082,
            "max": 10527,
            "p(90)": 1408.8000000000002,
            "p(95)": 1616.7999999999993,
            "p(99)": 2912.959999999999,
            "avg": 1184.4450799428053
        },
        "iteration_duration": {
            "med": 94.995371,
            "max": 580.294179,
            "p(90)": 151.2526024,
            "p(95)": 189.05019299999998,
            "p(99)": 314.9923785599998,
            "avg": 97.90518343819092,
            "min": 16.832042
        },
        "http_req_duration{expected_response:true}": {
            "max": 580.127005,
            "p(90)": 151.0800007,
            "p(95)": 188.28852169999993,
            "p(99)": 314.7589690699992,
            "avg": 97.57110731115158,
            "min": 11.305188,
            "med": 94.709494
        },
        "data_sent": {
            "count": 827543785,
            "rate": 18376101.013024323
        }
    },
    "root_group": {
        "checks": {
            "status 200": {
                "id": "fad9fa412b86fcb03bee97c80dcd61f1",
                "passes": 7693,
                "fails": 0,
                "name": "status 200",
                "path": "::status 200"
            }
        },
        "name": "",
        "path": "",
        "id": "d41d8cd98f00b204e9800998ecf8427e",
        "groups": {}
    }
}