{
    "root_group": {
        "name": "",
        "path": "",
        "id": "d41d8cd98f00b204e9800998ecf8427e",
        "groups": {},
        "checks": {
                "status 200": {
                    "name": "status 200",
                    "path": "::status 200",
                    "id": "fad9fa412b86fcb03bee97c80dcd61f1",
                    "passes": 74904,
                    "fails": 0
                }
            }
    },
    "metrics": {
        "http_req_duration": {
            "p(90)": 10.8358652,
            "p(95)": 11.2172582,
            "p(99)": 12.06500668,
            "avg": 9.956177987303905,
            "min": 8.568021,
            "med": 9.81583,
            "max": 228.149524,
            "thresholds": {
                "p(95)<10000": false,
                "p(99)<20000": false
            }
        },
        "http_req_receiving": {
            "p(90)": 0.028219,
            "p(95)": 0.03478020000000001,
            "p(99)": 0.08376460000000054,
            "avg": 0.020134109071490377,
            "min": 0.005156,
            "med": 0.016816,
            "max": 5.29704
        },
        "http_req_blocked": {
            "med": 0.001674,
            "max": 11.286832,
            "p(90)": 0.002718,
            "p(95)": 0.00323,
            "p(99)": 0.007022,
            "avg": 0.004776314331486557,
            "min": 0.000733
        },
        "http_reqs": {
            "count": 74905,
            "rate": 1663.5564128902447
        },
        "http_req_waiting": {
            "min": 8.557275,
            "med": 9.788954,
            "max": 228.130278,
            "p(90)": 10.806565,
            "p(95)": 11.1864074,
            "p(99)": 12.032365,
            "avg": 9.928347968092854
        },
        "http_req_sending": {
            "min": 0.002775,
            "med": 0.006234,
            "max": 3.505027,
            "p(90)": 0.010416,
            "p(95)": 0.013506,
            "p(99)": 0.031051880000000018,
            "avg": 0.00769591013951013
        },
        "server_jsontx_us": {
            "min": 0,
            "med": 1,
            "max": 209,
            "p(90)": 2,
            "p(95)": 3,
            "p(99)": 5,
            "avg": 1.2899578126668803
        },
        "http_req_failed": {
            "passes": 0,
            "fails": 74905,
            "thresholds": {
                "rate<0.05": false
            },
            "value": 0
        },
        "http_req_connecting": {
            "avg": 0.0027974735331419793,
            "min": 0,
            "med": 0,
            "max": 11.218938,
            "p(90)": 0,
            "p(95)": 0,
            "p(99)": 0
        },
        "data_received": {
            "count": 21572849,
            "rate": 479108.8885690261
        },
        "vus_max": {
            "max": 20,
            "value": 20,
            "min": 20
        },
        "http_req_duration{expected_response:true}": {
            "p(99)": 12.06500668,
            "avg": 9.956177987303905,
            "min": 8.568021,
            "med": 9.81583,
            "max": 228.149524,
            "p(90)": 10.8358652,
            "p(95)": 11.2172582
        },
        "checks": {
            "passes": 74904,
            "fails": 0,
            "value": 1
        },
        "iterations": {
            "rate": 1663.5342040068203,
            "count": 74904
        },
        "iteration_duration": {
            "max": 228.201096,
            "p(90)": 10.9286517,
            "p(95)": 11.316329849999997,
            "p(99)": 12.174278270000002,
            "avg": 10.04139110309176,
            "min": 8.622177,
            "med": 9.896661
        },
        "data_sent": {
            "count": 92057098,
            "rate": 2044485.357852823
        },
        "http_req_tls_handshaking": {
            "med": 0,
            "max": 0,
            "p(90)": 0,
            "p(95)": 0,
            "p(99)": 0,
            "avg": 0,
            "min": 0
        },
        "vus": {
            "value": 1,
            "min": 1,
            "max": 20
        }
    }
}