{
    "root_group": {
        "name": "",
        "path": "",
        "id": "d41d8cd98f00b204e9800998ecf8427e",
        "groups": {},
        "checks": {
                "status 200": {
                    "name": "status 200",
                    "path": "::status 200",
                    "id": "fad9fa412b86fcb03bee97c80dcd61f1",
                    "passes": 55199,
                    "fails": 0
                }
            }
    },
    "metrics": {
        "checks": {
            "passes": 55199,
            "fails": 0,
            "value": 1
        },
        "http_reqs": {
            "count": 55200,
            "rate": 1225.8743502671987
        },
        "iterations": {
            "count": 55199,
            "rate": 1225.8521423985344
        },
        "http_req_duration{expected_response:true}": {
            "min": 9.418002,
            "med": 12.5762705,
            "max": 450.763639,
            "p(90)": 15.3271213,
            "p(95)": 16.852701649999993,
            "p(99)": 24.4681768500001,
            "avg": 13.461853882572438
        },
        "data_sent": {
            "count": 601613983,
            "rate": 13360564.321046857
        },
        "vus": {
            "value": 1,
            "min": 1,
            "max": 20
        },
        "http_req_duration": {
            "med": 12.5762705,
            "max": 450.763639,
            "p(90)": 15.3271213,
            "p(95)": 16.852701649999993,
            "p(99)": 24.4681768500001,
            "avg": 13.461853882572438,
            "min": 9.418002,
            "thresholds": {
                "p(95)<10000": false,
                "p(99)<20000": false
            }
        },
        "data_received": {
            "count": 16972047,
            "rate": 376912.99073966226
        },
        "http_req_blocked": {
            "p(95)": 0.006946049999999995,
            "p(99)": 0.014977220000000046,
            "avg": 0.007939378931159364,
            "min": 0.001164,
            "med": 0.002826,
            "max": 12.939015,
            "p(90)": 0.006022
        },
        "http_req_failed": {
            "passes": 0,
            "fails": 55200,
            "thresholds": {
                "rate<0.05": false
            },
            "value": 0
        },
        "http_req_sending": {
            "avg": 0.06481913505434833,
            "min": 0.019314,
            "med": 0.049535,
            "max": 6.521417,
            "p(90)": 0.11043359999999999,
            "p(95)": 0.1329121,
            "p(99)": 0.20612517000000002
        },
        "http_req_tls_handshaking": {
            "max": 0,
            "p(90)": 0,
            "p(95)": 0,
            "p(99)": 0,
            "avg": 0,
            "min": 0,
            "med": 0
        },
        "http_req_waiting": {
            "p(90)": 15.136231499999997,
            "p(95)": 16.526056399999998,
            "p(99)": 22.132487520000005,
            "avg": 13.114888038387658,
            "min": 8.897285,
            "med": 12.468922,
            "max": 450.687743
        },
        "http_req_connecting": {
            "max": 12.751915,
            "p(90)": 0,
            "p(95)": 0,
            "p(99)": 0,
            "avg": 0.004092984619565218,
            "min": 0,
            "med": 0
        },
        "server_jsontx_us": {
            "max": 7708,
            "p(90)": 126,
            "p(95)": 140,
            "p(99)": 195,
            "avg": 100.24982336636533,
            "min": 61,
            "med": 97
        },
        "http_req_receiving": {
            "avg": 0.28214670913043566,
            "min": 0.008199,
            "med": 0.031057,
            "max": 273.809916,
            "p(90)": 0.06366,
            "p(95)": 0.07595249999999996,
            "p(99)": 0.19376270000000073
        },
        "iteration_duration": {
            "p(90)": 15.524940800000001,
            "p(95)": 17.0666916,
            "p(99)": 24.71654617999991,
            "avg": 13.623531267486799,
            "min": 9.5064,
            "med": 12.725932,
            "max": 450.923265
        },
        "vus_max": {
            "value": 20,
            "min": 20,
            "max": 20
        }
    }
}