{
    "metrics": {
        "server_jsontx_us": {
            "p(99)": 2193,
            "avg": 245.4224635850804,
            "min": 92,
            "med": 181,
            "max": 19438,
            "p(90)": 229,
            "p(95)": 301
        },
        "vus_max": {
            "max": 20,
            "value": 20,
            "min": 20
        },
        "http_req_sending": {
            "min": 0.002788,
            "med": 0.005864,
            "max": 3.016966,
            "p(90)": 0.010183,
            "p(95)": 0.013724,
            "p(99)": 0.02970310000000002,
            "avg": 0.007336069157713865
        },
        "http_req_duration": {
            "med": 11.775758499999998,
            "max": 439.595616,
            "p(90)": 15.0987915,
            "p(95)": 16.77792175,
            "p(99)": 21.391721450000006,
            "avg": 12.590202006819805,
            "min": 9.512408,
            "thresholds": {
                "p(95)<10000": false,
                "p(99)<20000": false
            }
        },
        "http_req_duration{expected_response:true}": {
            "min": 9.512408,
            "med": 11.775758499999998,
            "max": 439.595616,
            "p(90)": 15.0987915,
            "p(95)": 16.77792175,
            "p(99)": 21.391721450000006,
            "avg": 12.590202006819805
        },
        "iteration_duration": {
            "p(95)": 16.875316799999997,
            "p(99)": 21.55975887999996,
            "avg": 12.671531665302727,
            "min": 9.584324,
            "med": 11.853702,
            "max": 439.651541,
            "p(90)": 15.1843516
        },
        "iterations": {
            "count": 59385,
            "rate": 1318.7573827479246
        },
        "vus": {
            "value": 1,
            "min": 1,
            "max": 20
        },
        "http_req_tls_handshaking": {
            "p(95)": 0,
            "p(99)": 0,
            "avg": 0,
            "min": 0,
            "med": 0,
            "max": 0,
            "p(90)": 0
        },
        "http_req_failed": {
            "passes": 0,
            "fails": 59386,
            "thresholds": {
                "rate<0.05": false
            },
            "value": 0
        },
        "http_req_blocked": {
            "max": 12.040737,
            "p(90)": 0.002524,
            "p(95)": 0.00320475,
            "p(99)": 0.006802900000000008,
            "avg": 0.005564843161687958,
            "min": 0.00073,
            "med": 0.001566
        },
        "http_req_waiting": {
            "min": 9.492826,
            "med": 11.749177,
            "max": 439.577209,
            "p(90)": 15.066837,
            "p(95)": 16.74038625,
            "p(99)": 21.329716400000002,
            "avg": 12.561902482487477
        },
        "http_reqs": {
            "count": 59386,
            "rate": 1318.7795896584703
        },
        "checks": {
            "fails": 0,
            "passes": 59385,
            "value": 1
        },
        "data_sent": {
            "count": 72984247,
            "rate": 1620754.644363864
        },
        "http_req_receiving": {
            "avg": 0.020963455174620536,
            "min": 0.005435,
            "med": 0.0163455,
            "max": 12.756465,
            "p(90)": 0.028136500000000002,
            "p(95)": 0.036058,
            "p(99)": 0.08046430000000006
        },
        "data_received": {
            "count": 17282686,
            "rate": 383795.06198895676
        },
        "http_req_connecting": {
            "max": 11.947564,
            "p(90)": 0,
            "p(95)": 0,
            "p(99)": 0,
            "avg": 0.003669095881184118,
            "min": 0,
            "med": 0
        }
    },
    "root_group": {
        "id": "d41d8cd98f00b204e9800998ecf8427e",
        "groups": {},
        "checks": {
                "status 200": {
                    "passes": 59385,
                    "fails": 0,
                    "name": "status 200",
                    "path": "::status 200",
                    "id": "fad9fa412b86fcb03bee97c80dcd61f1"
                }
            },
        "name": "",
        "path": ""
    }
}