{
    "root_group": {
        "id": "d41d8cd98f00b204e9800998ecf8427e",
        "groups": {},
        "checks": {
                "status 200": {
                    "passes": 7674,
                    "fails": 0,
                    "name": "status 200",
                    "path": "::status 200",
                    "id": "fad9fa412b86fcb03bee97c80dcd61f1"
                }
            },
        "name": "",
        "path": ""
    },
    "metrics": {
        "http_req_duration": {
            "p(90)": 150.42718920000002,
            "p(95)": 186.5919525,
            "p(99)": 317.6652295200004,
            "avg": 97.11159258449551,
            "min": 11.126877,
            "med": 94.11806,
            "max": 3985.149474,
            "thresholds": {
                "p(95)<10000": false,
                "p(99)<20000": false
            }
        },
        "checks": {
            "passes": 7674,
            "fails": 0,
            "value": 1
        },
        "vus_max": {
            "value": 20,
            "min": 20,
            "max": 20
        },
        "http_req_connecting": {
            "avg": 0.7426351300325732,
            "min": 0,
            "med": 0,
            "max": 2073.419967,
            "p(90)": 0,
            "p(95)": 0,
            "p(99)": 0
        },
        "http_req_failed": {
            "fails": 7675,
            "passes": 0,
            "thresholds": {
                "rate<0.05": false
            },
            "value": 0
        },
        "http_req_blocked": {
            "p(90)": 0.007754200000000001,
            "p(95)": 0.00936519999999999,
            "p(99)": 0.020150320000000114,
            "avg": 0.748167643387623,
            "min": 0.001182,
            "med": 0.005121,
            "max": 2073.535593
        },
        "http_req_tls_handshaking": {
            "min": 0,
            "med": 0,
            "max": 0,
            "p(90)": 0,
            "p(95)": 0,
            "p(99)": 0,
            "avg": 0
        },
        "vus": {
            "value": 1,
            "min": 1,
            "max": 20
        },
        "http_reqs": {
            "count": 7675,
            "rate": 170.3795994734397
        },
        "iterations": {
            "count": 7674,
            "rate": 170.35740017709136
        },
        "http_req_waiting": {
            "p(99)": 317.4856043800004,
            "avg": 96.80752362618885,
            "min": 10.885124,
            "med": 93.932406,
            "max": 3985.008654,
            "p(90)": 150.0502092,
            "p(95)": 186.11197069999977
        },
        "http_req_receiving": {
            "avg": 0.10183357016286662,
            "min": 0.013218,
            "med": 0.060208,
            "max": 81.021601,
            "p(90)": 0.0966872,
            "p(95)": 0.10796460000000001,
            "p(99)": 0.13734704000000006
        },
        "server_jsontx_us": {
            "avg": 958.3859786291373,
            "min": 689,
            "med": 883,
            "max": 8171,
            "p(90)": 1273,
            "p(95)": 1372,
            "p(99)": 1601
        },
        "http_req_duration{expected_response:true}": {
            "avg": 97.11159258449551,
            "min": 11.126877,
            "med": 94.11806,
            "max": 3985.149474,
            "p(90)": 150.42718920000002,
            "p(95)": 186.5919525,
            "p(99)": 317.6652295200004
        },
        "http_req_sending": {
            "p(90)": 0.23927080000000003,
            "p(95)": 0.29161949999999964,
            "p(99)": 0.5605439200000009,
            "avg": 0.20223538814332295,
            "min": 0.041165,
            "med": 0.151199,
            "max": 59.449266
        },
        "data_sent": {
            "count": 825499936,
            "rate": 18325517.714792196
        },
        "iteration_duration": {
            "p(99)": 326.5450255399995,
            "avg": 98.1308820062549,
            "min": 15.937076,
            "med": 94.3952615,
            "max": 3985.336497,
            "p(90)": 150.60727939999998,
            "p(95)": 187.19095394999994
        },
        "data_received": {
            "count": 2388780,
            "rate": 53029.2351309659
        }
    }
}