{
    "root_group": {
        "id": "d41d8cd98f00b204e9800998ecf8427e",
        "groups": {},
        "checks": {
                "status 200": {
                    "name": "status 200",
                    "path": "::status 200",
                    "id": "fad9fa412b86fcb03bee97c80dcd61f1",
                    "passes": 780,
                    "fails": 0
                }
            },
        "name": "",
        "path": ""
    },
    "metrics": {
        "checks": {
            "passes": 780,
            "fails": 0,
            "value": 1
        },
        "http_req_connecting": {
            "med": 0,
            "max": 51.860347,
            "p(90)": 0,
            "p(95)": 0,
            "p(99)": 46.70587360000002,
            "avg": 0.9917421946222793,
            "min": 0
        },
        "iteration_duration": {
            "med": 982.564811,
            "max": 2627.501361,
            "p(90)": 1529.2669338000003,
            "p(95)": 1744.0819574,
            "p(99)": 2204.32887832,
            "avg": 973.4318480333327,
            "min": 79.165994
        },
        "http_req_waiting": {
            "min": 10.229678,
            "med": 616.743975,
            "max": 2626.308568,
            "p(90)": 1297.359336,
            "p(95)": 1525.040734,
            "p(99)": 2113.5624596000016,
            "avg": 713.3508191242003
        },
        "iterations": {
            "count": 780,
            "rate": 17.26673949467322
        },
        "http_req_duration": {
            "med": 981.80381,
            "max": 2626.937227,
            "p(90)": 1527.751507,
            "p(95)": 1743.515289,
            "p(99)": 2203.6398624000003,
            "avg": 970.4857069282962,
            "min": 10.492337,
            "thresholds": {
                "p(95)<10000": false,
                "p(99)<20000": false
            }
        },
        "http_req_duration{expected_response:true}": {
            "avg": 970.4857069282962,
            "min": 10.492337,
            "med": 981.80381,
            "max": 2626.937227,
            "p(90)": 1527.751507,
            "p(95)": 1743.515289,
            "p(99)": 2203.6398624000003
        },
        "http_req_tls_handshaking": {
            "max": 0,
            "p(90)": 0,
            "p(95)": 0,
            "p(99)": 0,
            "avg": 0,
            "min": 0,
            "med": 0
        },
        "server_jsontx_us": {
            "avg": 11240.069230769232,
            "min": 8764,
            "med": 10428.5,
            "max": 27503,
            "p(90)": 14354.2,
            "p(95)": 16371.39999999999,
            "p(99)": 22493.700000000004
        },
        "http_req_failed": {
            "fails": 781,
            "passes": 0,
            "thresholds": {
                "rate<0.05": false
            },
            "value": 0
        },
        "http_req_blocked": {
            "max": 51.960851,
            "p(90)": 0.010573,
            "p(95)": 0.013354,
            "p(99)": 46.82358540000002,
            "avg": 1.0018297874519833,
            "min": 0.002338,
            "med": 0.007219
        },
        "http_req_receiving": {
            "p(90)": 0.114085,
            "p(95)": 0.123915,
            "p(99)": 0.14971980000000032,
            "avg": 0.08792572215108836,
            "min": 0.022946,
            "med": 0.088659,
            "max": 0.182971
        },
        "vus": {
            "value": 3,
            "min": 1,
            "max": 20
        },
        "http_reqs": {
            "count": 781,
            "rate": 17.28887634017921
        },
        "vus_max": {
            "value": 20,
            "min": 20,
            "max": 20
        },
        "data_sent": {
            "count": 837949402,
            "rate": 18549556.453911804
        },
        "http_req_sending": {
            "p(90)": 665.67221,
            "p(95)": 814.53776,
            "p(99)": 1051.9513730000024,
            "avg": 257.04696208194594,
            "min": 0.084304,
            "med": 203.433667,
            "max": 1790.3371
        },
        "data_received": {
            "count": 245574,
            "rate": 5436.23369828831
        }
    }
}