{
    "root_group": {
        "name": "",
        "path": "",
        "id": "d41d8cd98f00b204e9800998ecf8427e",
        "groups": {},
        "checks": {
                "status 200": {
                    "id": "fad9fa412b86fcb03bee97c80dcd61f1",
                    "passes": 6345,
                    "fails": 0,
                    "name": "status 200",
                    "path": "::status 200"
                }
            }
    },
    "metrics": {
        "http_req_failed": {
            "passes": 0,
            "fails": 6346,
            "thresholds": {
                "rate<0.05": false
            },
            "value": 0
        },
        "vus_max": {
            "value": 20,
            "min": 20,
            "max": 20
        },
        "http_req_tls_handshaking": {
            "min": 0,
            "med": 0,
            "max": 0,
            "p(90)": 0,
            "p(95)": 0,
            "p(99)": 0,
            "avg": 0
        },
        "iteration_duration": {
            "avg": 118.73382861875479,
            "min": 30.264719,
            "med": 114.484829,
            "max": 596.319912,
            "p(90)": 182.80778040000004,
            "p(95)": 205.40641679999987,
            "p(99)": 256.8368321999998
        },
        "iterations": {
            "count": 6345,
            "rate": 140.86783867965295
        },
        "vus": {
            "value": 1,
            "min": 1,
            "max": 20
        },
        "http_req_duration{expected_response:true}": {
            "avg": 118.35620128537678,
            "min": 9.897021,
            "med": 114.177727,
            "max": 595.413897,
            "p(90)": 182.3363995,
            "p(95)": 204.73814800000002,
            "p(99)": 256.3979540500001
        },
        "http_req_blocked": {
            "avg": 0.059370322565395775,
            "min": 0.001202,
            "med": 0.0058,
            "max": 44.307206,
            "p(90)": 0.0082455,
            "p(95)": 0.0097425,
            "p(99)": 0.02463485
        },
        "http_req_duration": {
            "p(99)": 256.3979540500001,
            "avg": 118.35620128537678,
            "min": 9.897021,
            "med": 114.177727,
            "max": 595.413897,
            "p(90)": 182.3363995,
            "p(95)": 204.73814800000002,
            "thresholds": {
                "p(99)<20000": false,
                "p(95)<10000": false
            }
        },
        "http_reqs": {
            "count": 6346,
            "rate": 140.89004007266786
        },
        "http_req_waiting": {
            "p(99)": 256.15547850000013,
            "avg": 118.06011993003453,
            "min": 9.776522,
            "med": 113.97821300000001,
            "max": 594.904055,
            "p(90)": 182.07865149999998,
            "p(95)": 204.51775974999998
        },
        "http_req_receiving": {
            "max": 1.924555,
            "p(90)": 0.1023645,
            "p(95)": 0.1128805,
            "p(99)": 0.1413297,
            "avg": 0.07129239095493217,
            "min": 0.012376,
            "med": 0.0668575
        },
        "data_sent": {
            "count": 682538077,
            "rate": 15153296.095123174
        },
        "checks": {
            "passes": 6345,
            "fails": 0,
            "value": 1
        },
        "http_req_sending": {
            "med": 0.1917655,
            "max": 24.266418,
            "p(90)": 0.2584765,
            "p(95)": 0.293473,
            "p(99)": 0.5342766500000001,
            "avg": 0.2247889643870154,
            "min": 0.048963
        },
        "data_received": {
            "count": 1891242,
            "rate": 41988.20692831902
        },
        "server_jsontx_us": {
            "max": 171472,
            "p(90)": 90553.20000000001,
            "p(95)": 101492.59999999998,
            "p(99)": 120626.39999999972,
            "avg": 60274.23451536643,
            "min": 11790,
            "med": 61923
        },
        "http_req_connecting": {
            "p(95)": 0,
            "p(99)": 0,
            "avg": 0.0528570783170501,
            "min": 0,
            "med": 0,
            "max": 44.216651,
            "p(90)": 0
        }
    }
}