{
    "metrics": {
        "iterations": {
            "count": 64879,
            "rate": 1439.240601581515
        },
        "vus_max": {
            "value": 20,
            "min": 20,
            "max": 20
        },
        "http_req_blocked": {
            "med": 0.002446,
            "max": 14.655212,
            "p(90)": 0.00549,
            "p(95)": 0.006449049999999995,
            "p(99)": 0.010953049999999995,
            "avg": 0.0067920581381009934,
            "min": 0.000971
        },
        "http_req_sending": {
            "avg": 0.013456262900739967,
            "min": 0.004018,
            "med": 0.009847,
            "max": 4.715265,
            "p(90)": 0.02252259999999999,
            "p(95)": 0.027797,
            "p(99)": 0.05019709999999999
        },
        "http_req_duration{expected_response:true}": {
            "p(90)": 11.8012777,
            "p(95)": 12.374836799999999,
            "p(99)": 14.732890999999997,
            "avg": 11.470772545191172,
            "min": 8.780756,
            "med": 10.5332325,
            "max": 1743.770981
        },
        "server_jsontx_us": {
            "med": 16,
            "max": 2009,
            "p(90)": 22,
            "p(95)": 25,
            "p(99)": 50,
            "avg": 17.037531404614743,
            "min": 7
        },
        "data_sent": {
            "count": 79736373,
            "rate": 1768828.518387276
        },
        "http_req_receiving": {
            "avg": 0.03414473128853273,
            "min": 0.007485,
            "med": 0.026997,
            "max": 3.503324,
            "p(90)": 0.0575722,
            "p(95)": 0.06881614999999999,
            "p(99)": 0.10959619999999998
        },
        "http_req_connecting": {
            "p(90)": 0,
            "p(95)": 0,
            "p(99)": 0,
            "avg": 0.0034451700061652285,
            "min": 0,
            "med": 0,
            "max": 14.554705
        },
        "vus": {
            "value": 2,
            "min": 2,
            "max": 20
        },
        "http_req_waiting": {
            "max": 1743.631311,
            "p(90)": 11.750445000000001,
            "p(95)": 12.316578849999999,
            "p(99)": 14.617809119999997,
            "avg": 11.42317155100184,
            "min": 8.744367,
            "med": 10.4853715
        },
        "data_received": {
            "count": 19781827,
            "rate": 438829.3375647198
        },
        "http_req_failed": {
            "fails": 64880,
            "passes": 0,
            "thresholds": {
                "rate<0.05": false
            },
            "value": 0
        },
        "http_reqs": {
            "count": 64880,
            "rate": 1439.2627850399774
        },
        "http_req_duration": {
            "p(90)": 11.8012777,
            "p(95)": 12.374836799999999,
            "p(99)": 14.732890999999997,
            "avg": 11.470772545191172,
            "min": 8.780756,
            "med": 10.5332325,
            "max": 1743.770981,
            "thresholds": {
                "p(95)<10000": false,
                "p(99)<20000": false
            }
        },
        "http_req_tls_handshaking": {
            "min": 0,
            "med": 0,
            "max": 0,
            "p(90)": 0,
            "p(95)": 0,
            "p(99)": 0,
            "avg": 0
        },
        "iteration_duration": {
            "min": 8.870257,
            "med": 10.663542,
            "max": 1744.090774,
            "p(90)": 11.9487538,
            "p(95)": 12.545049599999999,
            "p(99)": 15.11851382,
            "avg": 11.607144942477472
        },
        "checks": {
            "passes": 64879,
            "fails": 0,
            "value": 1
        }
    },
    "root_group": {
        "name": "",
        "path": "",
        "id": "d41d8cd98f00b204e9800998ecf8427e",
        "groups": {},
        "checks": {
                "status 200": {
                    "id": "fad9fa412b86fcb03bee97c80dcd61f1",
                    "passes": 64879,
                    "fails": 0,
                    "name": "status 200",
                    "path": "::status 200"
                }
            }
    }
}