{
    "metrics": {
        "iterations": {
            "rate": 852.3875822260765,
            "count": 38379
        },
        "data_received": {
            "rate": 250637.24045011614,
            "count": 11285015
        },
        "http_req_receiving": {
            "max": 0.802102,
            "p(90)": 0.03248349999999999,
            "p(95)": 0.04582329999999998,
            "p(99)": 0.08306322999999995,
            "avg": 0.02258177720166772,
            "min": 0.006636,
            "med": 0.019592
        },
        "http_req_sending": {
            "avg": 0.038578734158415534,
            "min": 0.015555,
            "med": 0.033178,
            "max": 3.205837,
            "p(90)": 0.0544543,
            "p(95)": 0.07474274999999984,
            "p(99)": 0.12881570999999994
        },
        "http_req_duration{expected_response:true}": {
            "max": 248.30167,
            "p(90)": 26.7300112,
            "p(95)": 29.648922499999994,
            "p(99)": 36.47627497999998,
            "avg": 19.51147276380934,
            "min": 10.848459,
            "med": 18.3884945
        },
        "checks": {
            "passes": 38379,
            "fails": 0,
            "value": 1
        },
        "iteration_duration": {
            "avg": 19.605676675447587,
            "min": 10.932325,
            "med": 18.478328,
            "max": 248.380736,
            "p(90)": 26.821037,
            "p(95)": 29.737580199999996,
            "p(99)": 36.59743116000002
        },
        "http_req_blocked": {
            "p(99)": 0.006902209999999999,
            "avg": 0.007798188770192859,
            "min": 0.000836,
            "med": 0.001809,
            "max": 11.062558,
            "p(90)": 0.0027970999999999985,
            "p(95)": 0.004035149999999987
        },
        "vus": {
            "value": 1,
            "min": 1,
            "max": 20
        },
        "http_req_connecting": {
            "p(95)": 0,
            "p(99)": 0,
            "avg": 0.005652271182907765,
            "min": 0,
            "med": 0,
            "max": 11.027899,
            "p(90)": 0
        },
        "server_jsontx_us": {
            "max": 27367,
            "p(90)": 7601.200000000004,
            "p(95)": 9490.299999999996,
            "p(99)": 13438.72000000003,
            "avg": 3664.4619192787723,
            "min": 982,
            "med": 2521
        },
        "http_reqs": {
            "count": 38380,
            "rate": 852.4097919653148
        },
        "http_req_tls_handshaking": {
            "avg": 0,
            "min": 0,
            "med": 0,
            "max": 0,
            "p(90)": 0,
            "p(95)": 0,
            "p(99)": 0
        },
        "http_req_failed": {
            "passes": 0,
            "fails": 38380,
            "thresholds": {
                "rate<0.05": false
            },
            "value": 0
        },
        "vus_max": {
            "value": 20,
            "min": 20,
            "max": 20
        },
        "http_req_waiting": {
            "p(90)": 26.668613099999998,
            "p(95)": 29.5939443,
            "p(99)": 36.41017775,
            "avg": 19.450312252449088,
            "min": 10.806266,
            "med": 18.331015,
            "max": 248.259998
        },
        "data_sent": {
            "count": 418292803,
            "rate": 9290174.079880625
        },
        "http_req_duration": {
            "p(90)": 26.7300112,
            "p(95)": 29.648922499999994,
            "p(99)": 36.47627497999998,
            "avg": 19.51147276380934,
            "min": 10.848459,
            "med": 18.3884945,
            "max": 248.30167,
            "thresholds": {
                "p(95)<10000": false,
                "p(99)<20000": false
            }
        }
    },
    "root_group": {
        "name": "",
        "path": "",
        "id": "d41d8cd98f00b204e9800998ecf8427e",
        "groups": {},
        "checks": {
                "status 200": {
                    "name": "status 200",
                    "path": "::status 200",
                    "id": "fad9fa412b86fcb03bee97c80dcd61f1",
                    "passes": 38379,
                    "fails": 0
                }
            }
    }
}