{
    "root_group": {
        "name": "",
        "path": "",
        "id": "d41d8cd98f00b204e9800998ecf8427e",
        "groups": {},
        "checks": {
                "status 200": {
                    "path": "::status 200",
                    "id": "fad9fa412b86fcb03bee97c80dcd61f1",
                    "passes": 591,
                    "fails": 0,
                    "name": "status 200"
                }
            }
    },
    "metrics": {
        "http_req_duration": {
            "max": 2485.572972,
            "p(90)": 1907.5383461,
            "p(95)": 2082.1291176,
            "p(99)": 2288.38955225,
            "avg": 1286.6515092500003,
            "min": 10.438658,
            "med": 1409.912176,
            "thresholds": {
                "p(95)<10000": false,
                "p(99)<20000": false
            }
        },
        "http_req_tls_handshaking": {
            "med": 0,
            "max": 0,
            "p(90)": 0,
            "p(95)": 0,
            "p(99)": 0,
            "avg": 0,
            "min": 0
        },
        "http_req_sending": {
            "med": 0.7387710000000001,
            "max": 717.593092,
            "p(90)": 232.3514388,
            "p(95)": 257.42723459999974,
            "p(99)": 411.6140191000003,
            "avg": 79.04755264358114,
            "min": 0.066237
        },
        "http_req_receiving": {
            "avg": 0.09580508783783788,
            "min": 0.02917,
            "med": 0.096015,
            "max": 0.248486,
            "p(90)": 0.122291,
            "p(95)": 0.13406235,
            "p(99)": 0.15178946000000015
        },
        "vus_max": {
            "min": 20,
            "max": 20,
            "value": 20
        },
        "http_req_duration{expected_response:true}": {
            "p(90)": 1907.5383461,
            "p(95)": 2082.1291176,
            "p(99)": 2288.38955225,
            "avg": 1286.6515092500003,
            "min": 10.438658,
            "med": 1409.912176,
            "max": 2485.572972
        },
        "data_sent": {
            "count": 634907836,
            "rate": 14031957.180841157
        },
        "http_req_blocked": {
            "p(99)": 22.82603755000015,
            "avg": 0.7254520895270273,
            "min": 0.002399,
            "med": 0.008352,
            "max": 45.160454,
            "p(90)": 0.012407499999999997,
            "p(95)": 0.020698749999999926
        },
        "checks": {
            "passes": 591,
            "fails": 0,
            "value": 1
        },
        "server_jsontx_us": {
            "avg": 704489.2893401015,
            "min": 135079,
            "med": 782978,
            "max": 1227357,
            "p(90)": 976720,
            "p(95)": 1010273.5,
            "p(99)": 1101298.7000000004
        },
        "http_req_failed": {
            "passes": 0,
            "fails": 592,
            "thresholds": {
                "rate<0.05": false
            },
            "value": 0
        },
        "data_received": {
            "count": 178002,
            "rate": 3933.9826987173733
        },
        "http_reqs": {
            "count": 592,
            "rate": 13.083660619772166
        },
        "iteration_duration": {
            "p(99)": 2290.0135402,
            "avg": 1290.3601175922174,
            "min": 236.905318,
            "med": 1410.923174,
            "max": 2486.117936,
            "p(90)": 1908.888921,
            "p(95)": 2082.8651215
        },
        "http_req_waiting": {
            "min": 10.211002,
            "med": 1297.713174,
            "max": 2309.854257,
            "p(90)": 1813.113054,
            "p(95)": 2005.2505378999997,
            "p(99)": 2175.6922548200005,
            "avg": 1207.5081515185807
        },
        "iterations": {
            "count": 591,
            "rate": 13.061559841698227
        },
        "vus": {
            "value": 3,
            "min": 1,
            "max": 20
        },
        "http_req_connecting": {
            "p(95)": 0,
            "p(99)": 22.751638050000153,
            "avg": 0.7126623597972973,
            "min": 0,
            "med": 0,
            "max": 45.079231,
            "p(90)": 0
        }
    }
}